insert into T_PROVINCE (province_id, province_name, status, sort_id, remark)
values ('AH_', '安徽', 1, 10, null);
insert into T_PROVINCE (province_id, province_name, status, sort_id, remark)
values ('BJ_', '北京', 1, 2, null);
insert into T_PROVINCE (province_id, province_name, status, sort_id, remark)
values ('CQ_', '重庆', 1, 5, null);
insert into T_PROVINCE (province_id, province_name, status, sort_id, remark)
values ('FJ_', '福建', 1, 10, null);
insert into T_PROVINCE (province_id, province_name, status, sort_id, remark)
values ('GD_', '广东', 1, 9, null);
insert into T_PROVINCE (province_id, province_name, status, sort_id, remark)
values ('GS_', '甘肃', 1, 10, null);
insert into T_PROVINCE (province_id, province_name, status, sort_id, remark)
values ('GX_', '广西', 1, 10, null);
insert into T_PROVINCE (province_id, province_name, status, sort_id, remark)
values ('GZ_', '贵州', 1, 10, null);
insert into T_PROVINCE (province_id, province_name, status, sort_id, remark)
values ('HEB', '河北', 1, 10, null);
insert into T_PROVINCE (province_id, province_name, status, sort_id, remark)
values ('HEN', '河南', 1, 10, null);
insert into T_PROVINCE (province_id, province_name, status, sort_id, remark)
values ('HIN', '海南', 1, 6, null);
insert into T_PROVINCE (province_id, province_name, status, sort_id, remark)
values ('HLJ', '黑龙江', 1, 10, null);
insert into T_PROVINCE (province_id, province_name, status, sort_id, remark)
values ('HUB', '湖北', 1, 10, null);
insert into T_PROVINCE (province_id, province_name, status, sort_id, remark)
values ('HUN', '湖南', 1, 10, null);
insert into T_PROVINCE (province_id, province_name, status, sort_id, remark)
values ('JN_', '吉林', 1, 10, null);
insert into T_PROVINCE (province_id, province_name, status, sort_id, remark)
values ('JS_', '江苏', 1, 10, null);
insert into T_PROVINCE (province_id, province_name, status, sort_id, remark)
values ('JX_', '江西', 1, 10, null);
insert into T_PROVINCE (province_id, province_name, status, sort_id, remark)
values ('LN_', '辽宁', 1, 10, null);
insert into T_PROVINCE (province_id, province_name, status, sort_id, remark)
values ('NMG', '内蒙古', 1, 10, null);
insert into T_PROVINCE (province_id, province_name, status, sort_id, remark)
values ('NX_', '宁夏', 1, 10, null);
insert into T_PROVINCE (province_id, province_name, status, sort_id, remark)
values ('QG_', '全国', 1, 1, null);
insert into T_PROVINCE (province_id, province_name, status, sort_id, remark)
values ('QH_', '青海', 1, 10, null);
insert into T_PROVINCE (province_id, province_name, status, sort_id, remark)
values ('SC_', '四川', 1, 4, null);
insert into T_PROVINCE (province_id, province_name, status, sort_id, remark)
values ('SD_', '山东', 1, 10, null);
insert into T_PROVINCE (province_id, province_name, status, sort_id, remark)
values ('SH_', '上海', 1, 3, null);
insert into T_PROVINCE (province_id, province_name, status, sort_id, remark)
values ('SX1', '陕西', 1, 10, null);
insert into T_PROVINCE (province_id, province_name, status, sort_id, remark)
values ('SX2', '山西', 1, 10, null);
insert into T_PROVINCE (province_id, province_name, status, sort_id, remark)
values ('TJ_', '天津', 1, 10, null);
insert into T_PROVINCE (province_id, province_name, status, sort_id, remark)
values ('XJ_', '新疆', 1, 7, null);
insert into T_PROVINCE (province_id, province_name, status, sort_id, remark)
values ('XZ_', '西藏', 1, 10, null);
insert into T_PROVINCE (province_id, province_name, status, sort_id, remark)
values ('YN_', '云南', 1, 10, null);
insert into T_PROVINCE (province_id, province_name, status, sort_id, remark)
values ('ZJ_', '浙江', 1, 8, null);
commit;
prompt 32 records loaded
prompt Loading T_CITY...
insert into T_CITY (city_id, city_name, status, province_id, remark)
values ('010_', '北京', 1, 'BJ_', null);
insert into T_CITY (city_id, city_name, status, province_id, remark)
values ('020_', '广州', 1, 'GD_', null);
insert into T_CITY (city_id, city_name, status, province_id, remark)
values ('021_', '上海', 1, 'SH_', null);
insert into T_CITY (city_id, city_name, status, province_id, remark)
values ('022_', '天津', 1, 'TJ_', null);
insert into T_CITY (city_id, city_name, status, province_id, remark)
values ('023_', '重庆', 1, 'CQ_', null);
insert into T_CITY (city_id, city_name, status, province_id, remark)
values ('024_', '沈阳', 1, 'LN_', null);
insert into T_CITY (city_id, city_name, status, province_id, remark)
values ('025_', '南京', 1, 'JS_', null);
insert into T_CITY (city_id, city_name, status, province_id, remark)
values ('027_', '武汉', 1, 'HUB', null);
insert into T_CITY (city_id, city_name, status, province_id, remark)
values ('028_', '成都', 1, 'SC_', null);
insert into T_CITY (city_id, city_name, status, province_id, remark)
values ('0281', '眉山', 1, 'SC_', null);
insert into T_CITY (city_id, city_name, status, province_id, remark)
values ('029_', '西安', 1, 'SX1', null);
insert into T_CITY (city_id, city_name, status, province_id, remark)
values ('0310', '邯郸', 1, 'HEB', null);
insert into T_CITY (city_id, city_name, status, province_id, remark)
values ('0311', '石家庄', 1, 'HEB', null);
insert into T_CITY (city_id, city_name, status, province_id, remark)
values ('0312', '保定', 1, 'HEB', null);
insert into T_CITY (city_id, city_name, status, province_id, remark)
values ('0313', '张家口', 1, 'HEB', null);
insert into T_CITY (city_id, city_name, status, province_id, remark)
values ('0314', '承德', 1, 'HEB', null);
insert into T_CITY (city_id, city_name, status, province_id, remark)
values ('0315', '唐山', 1, 'HEB', null);
insert into T_CITY (city_id, city_name, status, province_id, remark)
values ('0316', '廊坊', 1, 'HEB', null);
insert into T_CITY (city_id, city_name, status, province_id, remark)
values ('0317', '沧州', 1, 'HEB', null);
insert into T_CITY (city_id, city_name, status, province_id, remark)
values ('0318', '衡水', 1, 'HEB', null);
insert into T_CITY (city_id, city_name, status, province_id, remark)
values ('0319', '邢台', 1, 'HEB', null);
insert into T_CITY (city_id, city_name, status, province_id, remark)
values ('0335', '秦皇岛', 1, 'HEB', null);
insert into T_CITY (city_id, city_name, status, province_id, remark)
values ('0349', '朔州', 1, 'SX2', null);
insert into T_CITY (city_id, city_name, status, province_id, remark)
values ('0350', '忻州', 1, 'SX2', null);
insert into T_CITY (city_id, city_name, status, province_id, remark)
values ('0351', '太原', 1, 'SX2', null);
insert into T_CITY (city_id, city_name, status, province_id, remark)
values ('0352', '大同', 1, 'SX2', null);
insert into T_CITY (city_id, city_name, status, province_id, remark)
values ('0353', '阳泉', 1, 'SX2', null);
insert into T_CITY (city_id, city_name, status, province_id, remark)
values ('0354', '晋中', 1, 'SX2', null);
insert into T_CITY (city_id, city_name, status, province_id, remark)
values ('0355', '长治', 1, 'SX2', null);
insert into T_CITY (city_id, city_name, status, province_id, remark)
values ('0356', '晋城', 1, 'SX2', null);
insert into T_CITY (city_id, city_name, status, province_id, remark)
values ('0357', '临汾', 1, 'SX2', null);
insert into T_CITY (city_id, city_name, status, province_id, remark)
values ('0358', '吕梁地区', 1, 'SX2', null);
insert into T_CITY (city_id, city_name, status, province_id, remark)
values ('0359', '运城', 1, 'SX2', null);
insert into T_CITY (city_id, city_name, status, province_id, remark)
values ('0370', '商丘', 1, 'HEN', null);
insert into T_CITY (city_id, city_name, status, province_id, remark)
values ('0371', '郑州', 1, 'HEN', null);
insert into T_CITY (city_id, city_name, status, province_id, remark)
values ('0372', '安阳', 1, 'HEN', null);
insert into T_CITY (city_id, city_name, status, province_id, remark)
values ('0373', '新乡', 1, 'HEN', null);
insert into T_CITY (city_id, city_name, status, province_id, remark)
values ('0374', '许昌', 1, 'HEN', null);
insert into T_CITY (city_id, city_name, status, province_id, remark)
values ('0375', '平顶山', 1, 'HEN', null);
insert into T_CITY (city_id, city_name, status, province_id, remark)
values ('0376', '信阳', 1, 'HEN', null);
insert into T_CITY (city_id, city_name, status, province_id, remark)
values ('0377', '南阳', 1, 'HEN', null);
insert into T_CITY (city_id, city_name, status, province_id, remark)
values ('0378', '开封', 1, 'HEN', null);
insert into T_CITY (city_id, city_name, status, province_id, remark)
values ('0379', '洛阳', 1, 'HEN', null);
insert into T_CITY (city_id, city_name, status, province_id, remark)
values ('0391', '焦作', 1, 'HEN', null);
insert into T_CITY (city_id, city_name, status, province_id, remark)
values ('0392', '鹤壁', 1, 'HEN', null);
insert into T_CITY (city_id, city_name, status, province_id, remark)
values ('0393', '濮阳', 1, 'HEN', null);
insert into T_CITY (city_id, city_name, status, province_id, remark)
values ('0394', '周口', 1, 'HEN', null);
insert into T_CITY (city_id, city_name, status, province_id, remark)
values ('0395', '漯河', 1, 'HEN', null);
insert into T_CITY (city_id, city_name, status, province_id, remark)
values ('0396', '驻马店', 1, 'HEN', null);
insert into T_CITY (city_id, city_name, status, province_id, remark)
values ('0398', '三门峡', 1, 'HEN', null);
insert into T_CITY (city_id, city_name, status, province_id, remark)
values ('0410', '铁岭', 1, 'LN_', null);
insert into T_CITY (city_id, city_name, status, province_id, remark)
values ('0411', '大连', 1, 'LN_', null);
insert into T_CITY (city_id, city_name, status, province_id, remark)
values ('0412', '鞍山', 1, 'LN_', null);
insert into T_CITY (city_id, city_name, status, province_id, remark)
values ('0413', '抚顺', 1, 'LN_', null);
insert into T_CITY (city_id, city_name, status, province_id, remark)
values ('0414', '本溪', 1, 'LN_', null);
insert into T_CITY (city_id, city_name, status, province_id, remark)
values ('0415', '丹东', 1, 'LN_', null);
insert into T_CITY (city_id, city_name, status, province_id, remark)
values ('0416', '锦州', 1, 'LN_', null);
insert into T_CITY (city_id, city_name, status, province_id, remark)
values ('0417', '营口', 1, 'LN_', null);
insert into T_CITY (city_id, city_name, status, province_id, remark)
values ('0418', '阜新', 1, 'LN_', null);
insert into T_CITY (city_id, city_name, status, province_id, remark)
values ('0419', '辽阳', 1, 'LN_', null);
insert into T_CITY (city_id, city_name, status, province_id, remark)
values ('0421', '朝阳', 1, 'LN_', null);
insert into T_CITY (city_id, city_name, status, province_id, remark)
values ('0427', '盘锦', 1, 'LN_', null);
insert into T_CITY (city_id, city_name, status, province_id, remark)
values ('0429', '葫芦岛', 1, 'LN_', null);
insert into T_CITY (city_id, city_name, status, province_id, remark)
values ('0431', '长春', 1, 'JN_', null);
insert into T_CITY (city_id, city_name, status, province_id, remark)
values ('0432', '吉林', 1, 'JN_', null);
insert into T_CITY (city_id, city_name, status, province_id, remark)
values ('0433', '延边朝鲜族自治州', 1, 'JN_', null);
insert into T_CITY (city_id, city_name, status, province_id, remark)
values ('0434', '四平', 1, 'JN_', null);
insert into T_CITY (city_id, city_name, status, province_id, remark)
values ('0435', '通化', 1, 'JN_', null);
insert into T_CITY (city_id, city_name, status, province_id, remark)
values ('0436', '白城', 1, 'JN_', null);
insert into T_CITY (city_id, city_name, status, province_id, remark)
values ('0437', '辽源', 1, 'JN_', null);
insert into T_CITY (city_id, city_name, status, province_id, remark)
values ('0438', '松原', 1, 'JN_', null);
insert into T_CITY (city_id, city_name, status, province_id, remark)
values ('0439', '白山', 1, 'JN_', null);
insert into T_CITY (city_id, city_name, status, province_id, remark)
values ('0451', '哈尔滨', 1, 'HLJ', null);
insert into T_CITY (city_id, city_name, status, province_id, remark)
values ('0452', '齐齐哈尔', 1, 'HLJ', null);
insert into T_CITY (city_id, city_name, status, province_id, remark)
values ('0453', '牡丹江', 1, 'HLJ', null);
insert into T_CITY (city_id, city_name, status, province_id, remark)
values ('0454', '佳木斯', 1, 'HLJ', null);
insert into T_CITY (city_id, city_name, status, province_id, remark)
values ('0455', '绥化', 1, 'HLJ', null);
insert into T_CITY (city_id, city_name, status, province_id, remark)
values ('0456', '黑河', 1, 'HLJ', null);
insert into T_CITY (city_id, city_name, status, province_id, remark)
values ('0457', '大兴安岭地区', 1, 'HLJ', null);
insert into T_CITY (city_id, city_name, status, province_id, remark)
values ('0458', '伊春', 1, 'HLJ', null);
insert into T_CITY (city_id, city_name, status, province_id, remark)
values ('0459', '大庆', 1, 'HLJ', null);
insert into T_CITY (city_id, city_name, status, province_id, remark)
values ('0464', '七台河', 1, 'HLJ', null);
insert into T_CITY (city_id, city_name, status, province_id, remark)
values ('0467', '鸡西', 1, 'HLJ', null);
insert into T_CITY (city_id, city_name, status, province_id, remark)
values ('0468', '鹤岗', 1, 'HLJ', null);
insert into T_CITY (city_id, city_name, status, province_id, remark)
values ('0469', '双鸭山', 1, 'HLJ', null);
insert into T_CITY (city_id, city_name, status, province_id, remark)
values ('0470', '呼伦贝尔', 1, 'NMG', null);
insert into T_CITY (city_id, city_name, status, province_id, remark)
values ('0471', '呼和浩特', 1, 'NMG', null);
insert into T_CITY (city_id, city_name, status, province_id, remark)
values ('0472', '包头', 1, 'NMG', null);
insert into T_CITY (city_id, city_name, status, province_id, remark)
values ('0473', '乌海', 1, 'NMG', null);
insert into T_CITY (city_id, city_name, status, province_id, remark)
values ('0474', '乌兰察布盟', 1, 'NMG', null);
insert into T_CITY (city_id, city_name, status, province_id, remark)
values ('0475', '通辽', 1, 'NMG', null);
insert into T_CITY (city_id, city_name, status, province_id, remark)
values ('0476', '赤峰', 1, 'NMG', null);
insert into T_CITY (city_id, city_name, status, province_id, remark)
values ('0477', '鄂尔多斯', 1, 'NMG', null);
insert into T_CITY (city_id, city_name, status, province_id, remark)
values ('0478', '巴彦淖尔盟', 1, 'NMG', null);
insert into T_CITY (city_id, city_name, status, province_id, remark)
values ('0479', '锡林郭勒盟', 1, 'NMG', null);
insert into T_CITY (city_id, city_name, status, province_id, remark)
values ('0482', '兴安盟', 1, 'NMG', null);
insert into T_CITY (city_id, city_name, status, province_id, remark)
values ('0483', '阿拉善盟', 1, 'NMG', null);
insert into T_CITY (city_id, city_name, status, province_id, remark)
values ('0510', '无锡', 1, 'JS_', null);
insert into T_CITY (city_id, city_name, status, province_id, remark)
values ('0511', '镇江', 1, 'JS_', null);
insert into T_CITY (city_id, city_name, status, province_id, remark)
values ('0512', '苏州', 1, 'JS_', null);
commit;
prompt 100 records committed...
insert into T_CITY (city_id, city_name, status, province_id, remark)
values ('0513', '南通', 1, 'JS_', null);
insert into T_CITY (city_id, city_name, status, province_id, remark)
values ('0514', '扬州', 1, 'JS_', null);
insert into T_CITY (city_id, city_name, status, province_id, remark)
values ('0515', '盐城', 1, 'JS_', null);
insert into T_CITY (city_id, city_name, status, province_id, remark)
values ('0516', '徐州', 1, 'JS_', null);
insert into T_CITY (city_id, city_name, status, province_id, remark)
values ('0517', '淮安', 1, 'JS_', null);
insert into T_CITY (city_id, city_name, status, province_id, remark)
values ('0518', '连云港', 1, 'JS_', null);
insert into T_CITY (city_id, city_name, status, province_id, remark)
values ('0519', '常州', 1, 'JS_', null);
insert into T_CITY (city_id, city_name, status, province_id, remark)
values ('0523', '泰州', 1, 'JS_', null);
insert into T_CITY (city_id, city_name, status, province_id, remark)
values ('0527', '宿迁', 1, 'JS_', null);
insert into T_CITY (city_id, city_name, status, province_id, remark)
values ('0530', '菏泽', 1, 'SD_', null);
insert into T_CITY (city_id, city_name, status, province_id, remark)
values ('0531', '济南', 1, 'SD_', null);
insert into T_CITY (city_id, city_name, status, province_id, remark)
values ('0532', '青岛', 1, 'SD_', null);
insert into T_CITY (city_id, city_name, status, province_id, remark)
values ('0533', '淄博', 1, 'SD_', null);
insert into T_CITY (city_id, city_name, status, province_id, remark)
values ('0534', '德州', 1, 'SD_', null);
insert into T_CITY (city_id, city_name, status, province_id, remark)
values ('0535', '烟台', 1, 'SD_', null);
insert into T_CITY (city_id, city_name, status, province_id, remark)
values ('0536', '潍坊', 1, 'SD_', null);
insert into T_CITY (city_id, city_name, status, province_id, remark)
values ('0537', '济宁', 1, 'SD_', null);
insert into T_CITY (city_id, city_name, status, province_id, remark)
values ('0538', '泰安', 1, 'SD_', null);
insert into T_CITY (city_id, city_name, status, province_id, remark)
values ('0539', '临沂', 1, 'SD_', null);
insert into T_CITY (city_id, city_name, status, province_id, remark)
values ('0543', '滨州', 1, 'SD_', null);
insert into T_CITY (city_id, city_name, status, province_id, remark)
values ('0546', '东营', 1, 'SD_', null);
insert into T_CITY (city_id, city_name, status, province_id, remark)
values ('0550', '滁州', 1, 'AH_', null);
insert into T_CITY (city_id, city_name, status, province_id, remark)
values ('0551', '合肥', 1, 'AH_', null);
insert into T_CITY (city_id, city_name, status, province_id, remark)
values ('0552', '蚌埠', 1, 'AH_', null);
insert into T_CITY (city_id, city_name, status, province_id, remark)
values ('0553', '芜湖', 1, 'AH_', null);
insert into T_CITY (city_id, city_name, status, province_id, remark)
values ('0554', '淮南', 1, 'AH_', null);
insert into T_CITY (city_id, city_name, status, province_id, remark)
values ('0555', '马鞍山', 1, 'AH_', null);
insert into T_CITY (city_id, city_name, status, province_id, remark)
values ('0556', '安庆', 1, 'AH_', null);
insert into T_CITY (city_id, city_name, status, province_id, remark)
values ('0557', '宿州', 1, 'AH_', null);
insert into T_CITY (city_id, city_name, status, province_id, remark)
values ('0558', '亳州', 1, 'AH_', null);
insert into T_CITY (city_id, city_name, status, province_id, remark)
values ('0559', '黄山', 1, 'AH_', null);
insert into T_CITY (city_id, city_name, status, province_id, remark)
values ('0561', '淮北', 1, 'AH_', null);
insert into T_CITY (city_id, city_name, status, province_id, remark)
values ('0562', '铜陵', 1, 'AH_', null);
insert into T_CITY (city_id, city_name, status, province_id, remark)
values ('0563', '宣城', 1, 'AH_', null);
insert into T_CITY (city_id, city_name, status, province_id, remark)
values ('0564', '六安', 1, 'AH_', null);
insert into T_CITY (city_id, city_name, status, province_id, remark)
values ('0565', '巢湖', 1, 'AH_', null);
insert into T_CITY (city_id, city_name, status, province_id, remark)
values ('0566', '池州', 1, 'AH_', null);
insert into T_CITY (city_id, city_name, status, province_id, remark)
values ('0570', '衢州', 1, 'ZJ_', null);
insert into T_CITY (city_id, city_name, status, province_id, remark)
values ('0571', '杭州', 1, 'ZJ_', null);
insert into T_CITY (city_id, city_name, status, province_id, remark)
values ('0572', '湖州', 1, 'ZJ_', null);
insert into T_CITY (city_id, city_name, status, province_id, remark)
values ('0573', '嘉兴', 1, 'ZJ_', null);
insert into T_CITY (city_id, city_name, status, province_id, remark)
values ('0574', '宁波', 1, 'ZJ_', null);
insert into T_CITY (city_id, city_name, status, province_id, remark)
values ('0575', '绍兴', 1, 'ZJ_', null);
insert into T_CITY (city_id, city_name, status, province_id, remark)
values ('0576', '台州', 1, 'ZJ_', null);
insert into T_CITY (city_id, city_name, status, province_id, remark)
values ('0577', '温州', 1, 'ZJ_', null);
insert into T_CITY (city_id, city_name, status, province_id, remark)
values ('0578', '丽水', 1, 'ZJ_', null);
insert into T_CITY (city_id, city_name, status, province_id, remark)
values ('0579', '金华', 1, 'ZJ_', null);
insert into T_CITY (city_id, city_name, status, province_id, remark)
values ('0580', '舟山', 1, 'ZJ_', null);
insert into T_CITY (city_id, city_name, status, province_id, remark)
values ('0591', '福州', 1, 'FJ_', null);
insert into T_CITY (city_id, city_name, status, province_id, remark)
values ('0592', '厦门', 1, 'FJ_', null);
insert into T_CITY (city_id, city_name, status, province_id, remark)
values ('0593', '宁德', 1, 'FJ_', null);
insert into T_CITY (city_id, city_name, status, province_id, remark)
values ('0594', '莆田', 1, 'FJ_', null);
insert into T_CITY (city_id, city_name, status, province_id, remark)
values ('0595', '泉州', 1, 'FJ_', null);
insert into T_CITY (city_id, city_name, status, province_id, remark)
values ('0596', '漳州', 1, 'FJ_', null);
insert into T_CITY (city_id, city_name, status, province_id, remark)
values ('0597', '龙岩', 1, 'FJ_', null);
insert into T_CITY (city_id, city_name, status, province_id, remark)
values ('0598', '三明', 1, 'FJ_', null);
insert into T_CITY (city_id, city_name, status, province_id, remark)
values ('0599', '南平', 1, 'FJ_', null);
insert into T_CITY (city_id, city_name, status, province_id, remark)
values ('0631', '威海', 1, 'SD_', null);
insert into T_CITY (city_id, city_name, status, province_id, remark)
values ('0632', '枣庄', 1, 'SD_', null);
insert into T_CITY (city_id, city_name, status, province_id, remark)
values ('0633', '日照', 1, 'SD_', null);
insert into T_CITY (city_id, city_name, status, province_id, remark)
values ('0634', '莱芜', 1, 'SD_', null);
insert into T_CITY (city_id, city_name, status, province_id, remark)
values ('0635', '聊城', 1, 'SD_', null);
insert into T_CITY (city_id, city_name, status, province_id, remark)
values ('0660', '汕尾', 1, 'GD_', null);
insert into T_CITY (city_id, city_name, status, province_id, remark)
values ('0662', '阳江', 1, 'GD_', null);
insert into T_CITY (city_id, city_name, status, province_id, remark)
values ('0663', '揭阳', 1, 'GD_', null);
insert into T_CITY (city_id, city_name, status, province_id, remark)
values ('0668', '茂名', 1, 'GD_', null);
insert into T_CITY (city_id, city_name, status, province_id, remark)
values ('0691', '西双版纳傣族自治州', 1, 'YN_', null);
insert into T_CITY (city_id, city_name, status, province_id, remark)
values ('0692', '德宏傣族景颇族自治州', 1, 'YN_', null);
insert into T_CITY (city_id, city_name, status, province_id, remark)
values ('0701', '鹰潭', 1, 'JX_', null);
insert into T_CITY (city_id, city_name, status, province_id, remark)
values ('0710', '襄樊', 1, 'HUB', null);
insert into T_CITY (city_id, city_name, status, province_id, remark)
values ('0711', '鄂州', 1, 'HUB', null);
insert into T_CITY (city_id, city_name, status, province_id, remark)
values ('0712', '孝感', 1, 'HUB', null);
insert into T_CITY (city_id, city_name, status, province_id, remark)
values ('0713', '黄冈', 1, 'HUB', null);
insert into T_CITY (city_id, city_name, status, province_id, remark)
values ('0714', '黄石', 1, 'HUB', null);
insert into T_CITY (city_id, city_name, status, province_id, remark)
values ('0715', '咸宁', 1, 'HUB', null);
insert into T_CITY (city_id, city_name, status, province_id, remark)
values ('0716', '荆州', 1, 'HUB', null);
insert into T_CITY (city_id, city_name, status, province_id, remark)
values ('0717', '宜昌', 1, 'HUB', null);
insert into T_CITY (city_id, city_name, status, province_id, remark)
values ('0718', '恩施', 1, 'HUB', null);
insert into T_CITY (city_id, city_name, status, province_id, remark)
values ('0719', '十堰', 1, 'HUB', null);
insert into T_CITY (city_id, city_name, status, province_id, remark)
values ('0722', '随州', 1, 'HUB', null);
insert into T_CITY (city_id, city_name, status, province_id, remark)
values ('0724', '荆门', 1, 'HUB', null);
insert into T_CITY (city_id, city_name, status, province_id, remark)
values ('0728', '天门', 1, 'HUB', null);
insert into T_CITY (city_id, city_name, status, province_id, remark)
values ('0730', '岳阳', 1, 'HUN', null);
insert into T_CITY (city_id, city_name, status, province_id, remark)
values ('0731', '长沙', 1, 'HUN', null);
insert into T_CITY (city_id, city_name, status, province_id, remark)
values ('0732', '湘潭', 1, 'HUN', null);
insert into T_CITY (city_id, city_name, status, province_id, remark)
values ('0733', '株洲', 1, 'HUN', null);
insert into T_CITY (city_id, city_name, status, province_id, remark)
values ('0734', '衡阳', 1, 'HUN', null);
insert into T_CITY (city_id, city_name, status, province_id, remark)
values ('0735', '郴州', 1, 'HUN', null);
insert into T_CITY (city_id, city_name, status, province_id, remark)
values ('0736', '常德', 1, 'HUN', null);
insert into T_CITY (city_id, city_name, status, province_id, remark)
values ('0737', '益阳', 1, 'HUN', null);
insert into T_CITY (city_id, city_name, status, province_id, remark)
values ('0738', '娄底', 1, 'HUN', null);
insert into T_CITY (city_id, city_name, status, province_id, remark)
values ('0739', '邵阳', 1, 'HUN', null);
insert into T_CITY (city_id, city_name, status, province_id, remark)
values ('0743', '湘西土家族苗族自治州', 1, 'HUN', null);
insert into T_CITY (city_id, city_name, status, province_id, remark)
values ('0744', '张家界', 1, 'HUN', null);
insert into T_CITY (city_id, city_name, status, province_id, remark)
values ('0745', '怀化', 1, 'HUN', null);
insert into T_CITY (city_id, city_name, status, province_id, remark)
values ('0746', '永州', 1, 'HUN', null);
insert into T_CITY (city_id, city_name, status, province_id, remark)
values ('0750', '江门', 1, 'GD_', null);
insert into T_CITY (city_id, city_name, status, province_id, remark)
values ('0751', '韶关', 1, 'GD_', null);
insert into T_CITY (city_id, city_name, status, province_id, remark)
values ('0752', '惠州', 1, 'GD_', null);
insert into T_CITY (city_id, city_name, status, province_id, remark)
values ('0753', '梅州', 1, 'GD_', null);
commit;
prompt 200 records committed...
insert into T_CITY (city_id, city_name, status, province_id, remark)
values ('0754', '汕头', 1, 'GD_', null);
insert into T_CITY (city_id, city_name, status, province_id, remark)
values ('0755', '深圳', 1, 'GD_', null);
insert into T_CITY (city_id, city_name, status, province_id, remark)
values ('0756', '珠海', 1, 'GD_', null);
insert into T_CITY (city_id, city_name, status, province_id, remark)
values ('0757', '佛山', 1, 'GD_', null);
insert into T_CITY (city_id, city_name, status, province_id, remark)
values ('0758', '肇庆', 1, 'GD_', null);
insert into T_CITY (city_id, city_name, status, province_id, remark)
values ('0759', '湛江', 1, 'GD_', null);
insert into T_CITY (city_id, city_name, status, province_id, remark)
values ('0760', '中山', 1, 'GD_', null);
insert into T_CITY (city_id, city_name, status, province_id, remark)
values ('0762', '河源', 1, 'GD_', null);
insert into T_CITY (city_id, city_name, status, province_id, remark)
values ('0763', '清远', 1, 'GD_', null);
insert into T_CITY (city_id, city_name, status, province_id, remark)
values ('0766', '云浮', 1, 'GD_', null);
insert into T_CITY (city_id, city_name, status, province_id, remark)
values ('0768', '潮州', 1, 'GD_', null);
insert into T_CITY (city_id, city_name, status, province_id, remark)
values ('0769', '东莞', 1, 'GD_', null);
insert into T_CITY (city_id, city_name, status, province_id, remark)
values ('0770', '防城港', 1, 'GX_', null);
insert into T_CITY (city_id, city_name, status, province_id, remark)
values ('0771', '南宁', 1, 'GX_', null);
insert into T_CITY (city_id, city_name, status, province_id, remark)
values ('0772', '柳州', 1, 'GX_', null);
insert into T_CITY (city_id, city_name, status, province_id, remark)
values ('0773', '桂林', 1, 'GX_', null);
insert into T_CITY (city_id, city_name, status, province_id, remark)
values ('0774', '梧州', 1, 'GX_', null);
insert into T_CITY (city_id, city_name, status, province_id, remark)
values ('0775', '玉林', 1, 'GX_', null);
insert into T_CITY (city_id, city_name, status, province_id, remark)
values ('0776', '百色地区', 1, 'GX_', null);
insert into T_CITY (city_id, city_name, status, province_id, remark)
values ('0777', '钦州', 1, 'GX_', null);
insert into T_CITY (city_id, city_name, status, province_id, remark)
values ('0778', '河池地区', 1, 'GX_', null);
insert into T_CITY (city_id, city_name, status, province_id, remark)
values ('0779', '北海', 1, 'GX_', null);
insert into T_CITY (city_id, city_name, status, province_id, remark)
values ('0790', '新余', 1, 'JX_', null);
insert into T_CITY (city_id, city_name, status, province_id, remark)
values ('0791', '南昌', 1, 'JX_', null);
insert into T_CITY (city_id, city_name, status, province_id, remark)
values ('0792', '九江', 1, 'JX_', null);
insert into T_CITY (city_id, city_name, status, province_id, remark)
values ('0793', '上饶', 1, 'JX_', null);
insert into T_CITY (city_id, city_name, status, province_id, remark)
values ('0794', '抚州', 1, 'JX_', null);
insert into T_CITY (city_id, city_name, status, province_id, remark)
values ('0795', '宜春', 1, 'JX_', null);
insert into T_CITY (city_id, city_name, status, province_id, remark)
values ('0796', '吉安', 1, 'JX_', null);
insert into T_CITY (city_id, city_name, status, province_id, remark)
values ('0797', '赣州', 1, 'JX_', null);
insert into T_CITY (city_id, city_name, status, province_id, remark)
values ('0798', '景德镇', 1, 'JX_', null);
insert into T_CITY (city_id, city_name, status, province_id, remark)
values ('0799', '萍乡', 1, 'JX_', null);
insert into T_CITY (city_id, city_name, status, province_id, remark)
values ('0812', '攀枝花', 1, 'SC_', null);
insert into T_CITY (city_id, city_name, status, province_id, remark)
values ('0813', '自贡', 1, 'SC_', null);
insert into T_CITY (city_id, city_name, status, province_id, remark)
values ('0816', '绵阳', 1, 'SC_', null);
insert into T_CITY (city_id, city_name, status, province_id, remark)
values ('0817', '南充', 1, 'SC_', null);
insert into T_CITY (city_id, city_name, status, province_id, remark)
values ('0818', '达州', 1, 'SC_', null);
insert into T_CITY (city_id, city_name, status, province_id, remark)
values ('0825', '遂宁', 1, 'SC_', null);
insert into T_CITY (city_id, city_name, status, province_id, remark)
values ('0826', '广安', 1, 'SC_', null);
insert into T_CITY (city_id, city_name, status, province_id, remark)
values ('0827', '巴中', 1, 'SC_', null);
insert into T_CITY (city_id, city_name, status, province_id, remark)
values ('0830', '泸州', 1, 'SC_', null);
insert into T_CITY (city_id, city_name, status, province_id, remark)
values ('0831', '宜宾', 1, 'SC_', null);
insert into T_CITY (city_id, city_name, status, province_id, remark)
values ('0832', '内江', 1, 'SC_', null);
insert into T_CITY (city_id, city_name, status, province_id, remark)
values ('0833', '乐山', 1, 'SC_', null);
insert into T_CITY (city_id, city_name, status, province_id, remark)
values ('0834', '凉山', 1, 'SC_', null);
insert into T_CITY (city_id, city_name, status, province_id, remark)
values ('0835', '雅安', 1, 'SC_', null);
insert into T_CITY (city_id, city_name, status, province_id, remark)
values ('0836', '甘孜', 1, 'SC_', null);
insert into T_CITY (city_id, city_name, status, province_id, remark)
values ('0837', '阿坝', 1, 'SC_', null);
insert into T_CITY (city_id, city_name, status, province_id, remark)
values ('0838', '德阳', 1, 'SC_', null);
insert into T_CITY (city_id, city_name, status, province_id, remark)
values ('0839', '广元', 1, 'SC_', null);
insert into T_CITY (city_id, city_name, status, province_id, remark)
values ('0851', '贵阳', 1, 'GZ_', null);
insert into T_CITY (city_id, city_name, status, province_id, remark)
values ('0852', '遵义', 1, 'GZ_', null);
insert into T_CITY (city_id, city_name, status, province_id, remark)
values ('0853', '安顺', 1, 'GZ_', null);
insert into T_CITY (city_id, city_name, status, province_id, remark)
values ('0854', '黔南布依族苗族自治州', 1, 'GZ_', null);
insert into T_CITY (city_id, city_name, status, province_id, remark)
values ('0855', '黔东南苗族侗族自治州', 1, 'GZ_', null);
insert into T_CITY (city_id, city_name, status, province_id, remark)
values ('0856', '铜仁地区', 1, 'GZ_', null);
insert into T_CITY (city_id, city_name, status, province_id, remark)
values ('0857', '毕节地区', 1, 'GZ_', null);
insert into T_CITY (city_id, city_name, status, province_id, remark)
values ('0858', '六盘水', 1, 'GZ_', null);
insert into T_CITY (city_id, city_name, status, province_id, remark)
values ('0859', '黔西南布依族苗族自治州', 1, 'GZ_', null);
insert into T_CITY (city_id, city_name, status, province_id, remark)
values ('0870', '昭通', 1, 'YN_', null);
insert into T_CITY (city_id, city_name, status, province_id, remark)
values ('0871', '昆明', 1, 'YN_', null);
insert into T_CITY (city_id, city_name, status, province_id, remark)
values ('0872', '大理白族自治州', 1, 'YN_', null);
insert into T_CITY (city_id, city_name, status, province_id, remark)
values ('0873', '红河哈尼族彝族自治州', 1, 'YN_', null);
insert into T_CITY (city_id, city_name, status, province_id, remark)
values ('0874', '曲靖', 1, 'YN_', null);
insert into T_CITY (city_id, city_name, status, province_id, remark)
values ('0875', '保山', 1, 'YN_', null);
insert into T_CITY (city_id, city_name, status, province_id, remark)
values ('0876', '文山壮族苗族自治州', 1, 'YN_', null);
insert into T_CITY (city_id, city_name, status, province_id, remark)
values ('0877', '玉溪', 1, 'YN_', null);
insert into T_CITY (city_id, city_name, status, province_id, remark)
values ('0878', '楚雄彝族自治州', 1, 'YN_', null);
insert into T_CITY (city_id, city_name, status, province_id, remark)
values ('0879', '思茅地区', 1, 'YN_', null);
insert into T_CITY (city_id, city_name, status, province_id, remark)
values ('0883', '临沧地区', 1, 'YN_', null);
insert into T_CITY (city_id, city_name, status, province_id, remark)
values ('0886', '怒江傈傈族自治州', 1, 'YN_', null);
insert into T_CITY (city_id, city_name, status, province_id, remark)
values ('0887', '迪庆藏族自治州', 1, 'YN_', null);
insert into T_CITY (city_id, city_name, status, province_id, remark)
values ('0888', '丽江地区', 1, 'YN_', null);
insert into T_CITY (city_id, city_name, status, province_id, remark)
values ('0891', '拉萨', 1, 'XZ_', null);
insert into T_CITY (city_id, city_name, status, province_id, remark)
values ('0892', '日喀则地区', 1, 'XZ_', null);
insert into T_CITY (city_id, city_name, status, province_id, remark)
values ('0893', '山南地区', 1, 'XZ_', null);
insert into T_CITY (city_id, city_name, status, province_id, remark)
values ('0894', '林芝地区', 1, 'XZ_', null);
insert into T_CITY (city_id, city_name, status, province_id, remark)
values ('0895', '昌都地区', 1, 'XZ_', null);
insert into T_CITY (city_id, city_name, status, province_id, remark)
values ('0896', '那曲地区', 1, 'XZ_', null);
insert into T_CITY (city_id, city_name, status, province_id, remark)
values ('0897', '阿里地区', 1, 'XZ_', null);
insert into T_CITY (city_id, city_name, status, province_id, remark)
values ('0898', '海口', 1, 'HIN', null);
insert into T_CITY (city_id, city_name, status, province_id, remark)
values ('0901', '塔城地区', 1, 'XJ_', null);
insert into T_CITY (city_id, city_name, status, province_id, remark)
values ('0902', '哈密地区', 1, 'XJ_', null);
insert into T_CITY (city_id, city_name, status, province_id, remark)
values ('0903', '和田地区', 1, 'XJ_', null);
insert into T_CITY (city_id, city_name, status, province_id, remark)
values ('0906', '阿勒泰地区', 1, 'XJ_', null);
insert into T_CITY (city_id, city_name, status, province_id, remark)
values ('0908', '克孜勒苏柯尔克孜自治州', 1, 'XJ_', null);
insert into T_CITY (city_id, city_name, status, province_id, remark)
values ('0909', '博尔塔拉蒙古自治州', 1, 'XJ_', null);
insert into T_CITY (city_id, city_name, status, province_id, remark)
values ('0911', '延安', 1, 'SX1', null);
insert into T_CITY (city_id, city_name, status, province_id, remark)
values ('0912', '榆林', 1, 'SX1', null);
insert into T_CITY (city_id, city_name, status, province_id, remark)
values ('0913', '渭南', 1, 'SX1', null);
insert into T_CITY (city_id, city_name, status, province_id, remark)
values ('0914', '商洛', 1, 'SX1', null);
insert into T_CITY (city_id, city_name, status, province_id, remark)
values ('0915', '安康', 1, 'SX1', null);
insert into T_CITY (city_id, city_name, status, province_id, remark)
values ('0916', '汉中', 1, 'SX1', null);
insert into T_CITY (city_id, city_name, status, province_id, remark)
values ('0917', '宝鸡', 1, 'SX1', null);
insert into T_CITY (city_id, city_name, status, province_id, remark)
values ('0919', '铜川', 1, 'SX1', null);
insert into T_CITY (city_id, city_name, status, province_id, remark)
values ('0930', '临夏回族自治州', 1, 'GS_', null);
insert into T_CITY (city_id, city_name, status, province_id, remark)
values ('0931', '兰州', 1, 'GS_', null);
insert into T_CITY (city_id, city_name, status, province_id, remark)
values ('0932', '定西地区', 1, 'GS_', null);
insert into T_CITY (city_id, city_name, status, province_id, remark)
values ('0933', '平凉地区', 1, 'GS_', null);
insert into T_CITY (city_id, city_name, status, province_id, remark)
values ('0934', '庆阳地区', 1, 'GS_', null);
commit;
prompt 300 records committed...
insert into T_CITY (city_id, city_name, status, province_id, remark)
values ('0935', '金昌', 1, 'GS_', null);
insert into T_CITY (city_id, city_name, status, province_id, remark)
values ('0936', '张掖地区', 1, 'GS_', null);
insert into T_CITY (city_id, city_name, status, province_id, remark)
values ('0937', '酒泉地区', 1, 'GS_', null);
insert into T_CITY (city_id, city_name, status, province_id, remark)
values ('0938', '天水', 1, 'GS_', null);
insert into T_CITY (city_id, city_name, status, province_id, remark)
values ('0939', '陇南地区', 1, 'GS_', null);
insert into T_CITY (city_id, city_name, status, province_id, remark)
values ('0941', '甘南藏族自治州', 1, 'GS_', null);
insert into T_CITY (city_id, city_name, status, province_id, remark)
values ('0943', '白银', 1, 'GS_', null);
insert into T_CITY (city_id, city_name, status, province_id, remark)
values ('0951', '银川', 1, 'NX_', null);
insert into T_CITY (city_id, city_name, status, province_id, remark)
values ('0952', '石嘴山', 1, 'NX_', null);
insert into T_CITY (city_id, city_name, status, province_id, remark)
values ('0953', '吴忠', 1, 'NX_', null);
insert into T_CITY (city_id, city_name, status, province_id, remark)
values ('0954', '固原', 1, 'NX_', null);
insert into T_CITY (city_id, city_name, status, province_id, remark)
values ('0970', '海北藏族自治州', 1, 'QH_', null);
insert into T_CITY (city_id, city_name, status, province_id, remark)
values ('0971', '西宁', 1, 'QH_', null);
insert into T_CITY (city_id, city_name, status, province_id, remark)
values ('0972', '海东地区', 1, 'QH_', null);
insert into T_CITY (city_id, city_name, status, province_id, remark)
values ('0973', '黄南藏族自治州', 1, 'QH_', null);
insert into T_CITY (city_id, city_name, status, province_id, remark)
values ('0974', '海南藏族自治州', 1, 'QH_', null);
insert into T_CITY (city_id, city_name, status, province_id, remark)
values ('0975', '果洛藏族自治州', 1, 'QH_', null);
insert into T_CITY (city_id, city_name, status, province_id, remark)
values ('0976', '玉树藏族自治州', 1, 'QH_', null);
insert into T_CITY (city_id, city_name, status, province_id, remark)
values ('0977', '海西蒙古族藏族自治州', 1, 'QH_', null);
insert into T_CITY (city_id, city_name, status, province_id, remark)
values ('0979', '格尔木', 1, 'QH_', null);
insert into T_CITY (city_id, city_name, status, province_id, remark)
values ('0990', '克拉玛依', 1, 'XJ_', null);
insert into T_CITY (city_id, city_name, status, province_id, remark)
values ('0991', '乌鲁木齐', 1, 'XJ_', null);
insert into T_CITY (city_id, city_name, status, province_id, remark)
values ('0992', '奎屯', 1, 'XJ_', null);
insert into T_CITY (city_id, city_name, status, province_id, remark)
values ('0993', '石河子', 1, 'XJ_', null);
insert into T_CITY (city_id, city_name, status, province_id, remark)
values ('0994', '昌吉回族自治州', 1, 'XJ_', null);
insert into T_CITY (city_id, city_name, status, province_id, remark)
values ('0995', '吐鲁番地区', 1, 'XJ_', null);
insert into T_CITY (city_id, city_name, status, province_id, remark)
values ('0996', '巴音郭楞蒙古自治州', 1, 'XJ_', null);
insert into T_CITY (city_id, city_name, status, province_id, remark)
values ('0997', '阿克苏地区', 1, 'XJ_', null);
insert into T_CITY (city_id, city_name, status, province_id, remark)
values ('0998', '喀什地区', 1, 'XJ_', null);
insert into T_CITY (city_id, city_name, status, province_id, remark)
values ('0999', '伊犁哈萨克自治州', 1, 'XJ_', null);
insert into T_CITY (city_id, city_name, status, province_id, remark)
values ('0955', '中卫', 1, 'NX_', null);
insert into T_CITY (city_id, city_name, status, province_id, remark)
values ('0910', '淳化', 1, 'SX1', null);
commit;

insert into T_DATASOURCE (id, name, type, status, remark, option_sql, parent_code, code)
values (21, '渠道计费编码' || chr(10) || '', 2, 1, null, 'select t.charging_code as optionId,t.charging_amount/100 as optionLabel from t_channel_charging_code t where 1=1 ', 'CHANNEL_ID', 'CHANNEL_CHARGING_CODE');
insert into T_DATASOURCE (id, name, type, status, remark, option_sql, parent_code, code)
values (22, '支付报表模式', 1, 1, null, null, null, 'ORDER_REPORT_MODEL');
insert into T_DATASOURCE (id, name, type, status, remark, option_sql, parent_code, code)
values (19, '提卡方式', 1, 1, null, null, null, 'PICKUP_TYPE');
insert into T_DATASOURCE (id, name, type, status, remark, option_sql, parent_code, code)
values (20, '商户计费编码', 2, 1, null, 'select t.charging_code as optionId,t.charging_amount/100 as optionLabel from t_merchant_charging_code t where 1=1', 'MERCHANT_ID', 'MERCHANT_CHARGING_CODE');
insert into T_DATASOURCE (id, name, type, status, remark, option_sql, parent_code, code)
values (14, '支付状态', 1, 1, null, null, null, 'PAY_STATUS');
insert into T_DATASOURCE (id, name, type, status, remark, option_sql, parent_code, code)
values (16, '订单状态', 1, 1, null, null, null, 'ORDER_STATUS');
insert into T_DATASOURCE (id, name, type, status, remark, option_sql, parent_code, code)
values (17, '发货状态', 1, 1, null, null, null, 'DELIVERY_STATUS');
insert into T_DATASOURCE (id, name, type, status, remark, option_sql, parent_code, code)
values (5, '产品类型', 1, 1, null, null, null, 'PRODUCT_TYPE');
insert into T_DATASOURCE (id, name, type, status, remark, option_sql, parent_code, code)
values (11, '业务类型', 2, 1, null, 'select t.id as optionId,t.name as optionLabel from t_business_type t where 1=1', null, 'BUSINESS_TYPE');
insert into T_DATASOURCE (id, name, type, status, remark, option_sql, parent_code, code)
values (4, '启用状态', 1, 1, null, null, null, 'COMMON_STATUS');
insert into T_DATASOURCE (id, name, type, status, remark, option_sql, parent_code, code)
values (8, '供货商', 2, 1, null, 'select t.id as optionId,t.name as optionLabel from t_supplier t where 1=1', null, 'SUPPLIER');
insert into T_DATASOURCE (id, name, type, status, remark, option_sql, parent_code, code)
values (15, '产品', 2, 1, null, 'select t.id as optionId,t.name as optionLabel from t_product t where 1=1', 'supplier_id', 'PRODUCT');
insert into T_DATASOURCE (id, name, type, status, remark, option_sql, parent_code, code)
values (10, '运营商类型', 1, 1, null, null, null, 'CARRIER_TYPE');
insert into T_DATASOURCE (id, name, type, status, remark, option_sql, parent_code, code)
values (2, '省', 2, 1, null, 'select t.PROVINCE_id as optionId,T.PROVINCE_NAME as optionLabel from t_PROVINCE t where 1=1', null, 'PROVINCE');
insert into T_DATASOURCE (id, name, type, status, remark, option_sql, parent_code, code)
values (3, '城市', 2, 1, null, 'select t.city_id as optionId,T.city_name as optionLabel from t_city t where 1=1', 'province_id', 'CITY');
insert into T_DATASOURCE (id, name, type, status, remark, option_sql, parent_code, code)
values (6, '计费类型', 1, 1, null, null, null, 'CHARGING_TYPE');
insert into T_DATASOURCE (id, name, type, status, remark, option_sql, parent_code, code)
values (1, '卡密状态', 1, 1, null, null, null, 'CARD_STATUS');
insert into T_DATASOURCE (id, name, type, status, remark, option_sql, parent_code, code)
values (12, '渠道', 2, 1, null, 'select t.id as optionId,t.carrier_name as optionLabel from t_carrier_info t where 1=1', null, 'CHANNEL');
insert into T_DATASOURCE (id, name, type, status, remark, option_sql, parent_code, code)
values (13, '商户', 2, 1, null, 'select t.id as optionId,t.name as optionLabel from t_agent_merchant t where 1=1', null, 'MERCHANT');
insert into T_DATASOURCE (id, name, type, status, remark, option_sql, parent_code, code)
values (18, '计费点', 2, 1, null, 'select t.id as optionId,T.name as optionLabel from t_product_charging_point t where 1=1', 'product_id', 'POINT');
insert into T_DATASOURCE (ID, NAME, TYPE, STATUS, REMARK, OPTION_SQL, PARENT_CODE, CODE)
values (23, '商品报表模式', 1, 1, null, null, null, 'PRODUCT_REPORT_MODEL');
insert into T_DATASOURCE (ID, NAME, TYPE, STATUS, REMARK, OPTION_SQL, PARENT_CODE, CODE)
values (24, '卡库报表模式', 1, 1, null, null, null, 'DEPOT_REPORT_MODEL');
insert into T_DATASOURCE (ID, NAME, TYPE, STATUS, REMARK, OPTION_SQL, PARENT_CODE, CODE)
values (25, '通知状态', 1, 1, null, null, null, 'NOTIFY_STATUS');
insert into T_DATASOURCE (id, name, type, status, remark, option_sql, parent_code, code)
values (27, '时间范围', 1, 1, null, null, null, 'TIME');
insert into T_DATASOURCE (id, name, type, status, remark, option_sql, parent_code, code)
values (26, '规则方式', 1, 1, null, null, null, 'RISK_RULE');
insert into T_DATASOURCE (id, name, type, status, remark, option_sql, parent_code, code)
values (28, '渠道类型', 1, 1, null, null, null, 'CHANNEL_TYPE');
insert into T_DATASOURCE (ID, NAME, TYPE, STATUS, REMARK, OPTION_SQL, PARENT_CODE, CODE)
values (29, '卡密类型计费点', 2, 1, null, 'select t.id as optionId,T.name as optionLabel from t_product_charging_point t where charging_type=2', 'product_id', 'POINT_CARD_PWD');
insert into T_DATASOURCE (ID, NAME, TYPE, STATUS, REMARK, OPTION_SQL, PARENT_CODE, CODE)
values (31, '操作类型', 1, 1, null, null, null, 'LOG_ORERATION_TYPE');
insert into T_DATASOURCE (ID, NAME, TYPE, STATUS, REMARK, OPTION_SQL, PARENT_CODE, CODE)
values (32, '登入登出类型', 1, 1, null, null, null, 'LOGIN_LOGOUT_TYPE');
commit;
insert into T_DATASOURCE_OPTION (id, option_id, option_label, status, remark, data_source_code, parent_option_id, parent_datasource_code)
values (24, 0, '商户', 1, null, 'ORDER_REPORT_MODEL', null, null);
insert into T_DATASOURCE_OPTION (id, option_id, option_label, status, remark, data_source_code, parent_option_id, parent_datasource_code)
values (25, 1, '省份', 1, null, 'ORDER_REPORT_MODEL', null, null);
insert into T_DATASOURCE_OPTION (id, option_id, option_label, status, remark, data_source_code, parent_option_id, parent_datasource_code)
values (26, 2, '计费面值', 1, null, 'ORDER_REPORT_MODEL', null, null);
insert into T_DATASOURCE_OPTION (id, option_id, option_label, status, remark, data_source_code, parent_option_id, parent_datasource_code)
values (27, 3, '渠道', 1, null, 'ORDER_REPORT_MODEL', null, null);
insert into T_DATASOURCE_OPTION (id, option_id, option_label, status, remark, data_source_code, parent_option_id, parent_datasource_code)
values (28, 4, '小时', 1, null, 'ORDER_REPORT_MODEL', null, null);
insert into T_DATASOURCE_OPTION (id, option_id, option_label, status, remark, data_source_code, parent_option_id, parent_datasource_code)
values (29, 5, '天', 1, null, 'ORDER_REPORT_MODEL', null, null);
insert into T_DATASOURCE_OPTION (id, option_id, option_label, status, remark, data_source_code, parent_option_id, parent_datasource_code)
values (30, 6, '月', 1, null, 'ORDER_REPORT_MODEL', null, null);
insert into T_DATASOURCE_OPTION (id, option_id, option_label, status, remark, data_source_code, parent_option_id, parent_datasource_code)
values (21, 0, '接口提卡', 1, null, 'PICKUP_TYPE', null, null);
insert into T_DATASOURCE_OPTION (id, option_id, option_label, status, remark, data_source_code, parent_option_id, parent_datasource_code)
values (31, 1, '人工提卡', 1, null, 'PICKUP_TYPE', null, null);
insert into T_DATASOURCE_OPTION (id, option_id, option_label, status, remark, data_source_code, parent_option_id, parent_datasource_code)
values (22, 1, '支付失败', 1, null, 'PAY_STATUS', null, null);
insert into T_DATASOURCE_OPTION (id, option_id, option_label, status, remark, data_source_code, parent_option_id, parent_datasource_code)
values (23, 1, '发货失败', 1, null, 'DELIVERY_STATUS', null, null);
insert into T_DATASOURCE_OPTION (id, option_id, option_label, status, remark, data_source_code, parent_option_id, parent_datasource_code)
values (12, 0, '支付成功', 1, null, 'PAY_STATUS', null, null);
insert into T_DATASOURCE_OPTION (id, option_id, option_label, status, remark, data_source_code, parent_option_id, parent_datasource_code)
values (13, 3, '未支付', 1, null, 'PAY_STATUS', null, null);
insert into T_DATASOURCE_OPTION (id, option_id, option_label, status, remark, data_source_code, parent_option_id, parent_datasource_code)
values (14, 2, '支付中', 1, null, 'PAY_STATUS', null, null);
insert into T_DATASOURCE_OPTION (id, option_id, option_label, status, remark, data_source_code, parent_option_id, parent_datasource_code)
values (15, 3, '未发货', 1, null, 'DELIVERY_STATUS', null, null);
insert into T_DATASOURCE_OPTION (id, option_id, option_label, status, remark, data_source_code, parent_option_id, parent_datasource_code)
values (16, 2, '发货中', 1, null, 'DELIVERY_STATUS', null, null);
insert into T_DATASOURCE_OPTION (id, option_id, option_label, status, remark, data_source_code, parent_option_id, parent_datasource_code)
values (17, 0, '发货成功', 1, null, 'DELIVERY_STATUS', null, null);
insert into T_DATASOURCE_OPTION (id, option_id, option_label, status, remark, data_source_code, parent_option_id, parent_datasource_code)
values (18, 0, '成功', 1, null, 'ORDER_STATUS', null, null);
insert into T_DATASOURCE_OPTION (id, option_id, option_label, status, remark, data_source_code, parent_option_id, parent_datasource_code)
values (19, 1, '失败', 1, null, 'ORDER_STATUS', null, null);
insert into T_DATASOURCE_OPTION (id, option_id, option_label, status, remark, data_source_code, parent_option_id, parent_datasource_code)
values (20, 2, '处理中', 1, null, 'ORDER_STATUS', null, null);
insert into T_DATASOURCE_OPTION (id, option_id, option_label, status, remark, data_source_code, parent_option_id, parent_datasource_code)
values (1, 1, '可用', 1, null, 'COMMON_STATUS', null, null);
insert into T_DATASOURCE_OPTION (id, option_id, option_label, status, remark, data_source_code, parent_option_id, parent_datasource_code)
values (2, 0, '禁用', 1, null, 'COMMON_STATUS', null, null);
insert into T_DATASOURCE_OPTION (id, option_id, option_label, status, remark, data_source_code, parent_option_id, parent_datasource_code)
values (5, 1, '直充', 1, null, 'CHARGING_TYPE', null, null);
insert into T_DATASOURCE_OPTION (id, option_id, option_label, status, remark, data_source_code, parent_option_id, parent_datasource_code)
values (6, 2, '卡密', 1, null, 'CHARGING_TYPE', null, null);
insert into T_DATASOURCE_OPTION (id, option_id, option_label, status, remark, data_source_code, parent_option_id, parent_datasource_code)
values (3, 1, '话费充值卡', 1, null, 'PRODUCT_TYPE', null, null);
insert into T_DATASOURCE_OPTION (id, option_id, option_label, status, remark, data_source_code, parent_option_id, parent_datasource_code)
values (4, 2, '游戏充值卡', 1, null, 'PRODUCT_TYPE', null, null);
insert into T_DATASOURCE_OPTION (id, option_id, option_label, status, remark, data_source_code, parent_option_id, parent_datasource_code)
values (7, 1, '未销售', 1, null, 'CARD_STATUS', null, null);
insert into T_DATASOURCE_OPTION (id, option_id, option_label, status, remark, data_source_code, parent_option_id, parent_datasource_code)
values (8, 2, '销售中', 1, null, 'CARD_STATUS', null, null);
insert into T_DATASOURCE_OPTION (id, option_id, option_label, status, remark, data_source_code, parent_option_id, parent_datasource_code)
values (9, 3, '已销售', 1, null, 'CARD_STATUS', null, null);
insert into T_DATASOURCE_OPTION (id, option_id, option_label, status, remark, data_source_code, parent_option_id, parent_datasource_code)
values (10, 1, '通信', 1, null, 'CARRIER_TYPE', null, null);
insert into T_DATASOURCE_OPTION (id, option_id, option_label, status, remark, data_source_code, parent_option_id, parent_datasource_code)
values (11, 2, '游戏', 1, null, 'CARRIER_TYPE', null, null);
insert into T_DATASOURCE_OPTION (id, option_id, option_label, status, remark, data_source_code, parent_option_id, parent_datasource_code)
values (32, 1, '省份', 1, null, 'PRODUCT_REPORT_MODEL', null, null);
insert into T_DATASOURCE_OPTION (id, option_id, option_label, status, remark, data_source_code, parent_option_id, parent_datasource_code)
values (33, 4, '小时', 1, null, 'PRODUCT_REPORT_MODEL', null, null);
insert into T_DATASOURCE_OPTION (id, option_id, option_label, status, remark, data_source_code, parent_option_id, parent_datasource_code)
values (34, 5, '天', 1, null, 'PRODUCT_REPORT_MODEL', null, null);
insert into T_DATASOURCE_OPTION (id, option_id, option_label, status, remark, data_source_code, parent_option_id, parent_datasource_code)
values (35, 6, '月', 1, null, 'PRODUCT_REPORT_MODEL', null, null);
insert into T_DATASOURCE_OPTION (id, option_id, option_label, status, remark, data_source_code, parent_option_id, parent_datasource_code)
values (36, 7, '运营商', 1, null, 'PRODUCT_REPORT_MODEL', null, null);
insert into T_DATASOURCE_OPTION (id, option_id, option_label, status, remark, data_source_code, parent_option_id, parent_datasource_code)
values (37, 8, '产品', 1, null, 'PRODUCT_REPORT_MODEL', null, null);
insert into T_DATASOURCE_OPTION (id, option_id, option_label, status, remark, data_source_code, parent_option_id, parent_datasource_code)
values (38, 9, '计费点', 1, null, 'PRODUCT_REPORT_MODEL', null, null);
insert into T_DATASOURCE_OPTION (id, option_id, option_label, status, remark, data_source_code, parent_option_id, parent_datasource_code)
values (39, 10, '计费类型', 1, null, 'PRODUCT_REPORT_MODEL', null, null);
insert into T_DATASOURCE_OPTION (id, option_id, option_label, status, remark, data_source_code, parent_option_id, parent_datasource_code)
values (40, 4, '小时', 1, null, 'DEPOT_REPORT_MODEL', null, null);
insert into T_DATASOURCE_OPTION (id, option_id, option_label, status, remark, data_source_code, parent_option_id, parent_datasource_code)
values (41, 5, '天', 1, null, 'DEPOT_REPORT_MODEL', null, null);
insert into T_DATASOURCE_OPTION (id, option_id, option_label, status, remark, data_source_code, parent_option_id, parent_datasource_code)
values (42, 6, '月', 1, null, 'DEPOT_REPORT_MODEL', null, null);
insert into T_DATASOURCE_OPTION (id, option_id, option_label, status, remark, data_source_code, parent_option_id, parent_datasource_code)
values (43, 9, '计费点', 1, null, 'DEPOT_REPORT_MODEL', null, null);
insert into T_DATASOURCE_OPTION (id, option_id, option_label, status, remark, data_source_code, parent_option_id, parent_datasource_code)
values (44, 11, '提卡人', 1, null, 'DEPOT_REPORT_MODEL', null, null);
insert into T_DATASOURCE_OPTION (id, option_id, option_label, status, remark, data_source_code, parent_option_id, parent_datasource_code)
values (45, 3, '未通知', 1, null, 'NOTIFY_STATUS', null, null);
insert into T_DATASOURCE_OPTION (id, option_id, option_label, status, remark, data_source_code, parent_option_id, parent_datasource_code)
values (46, 2, '通知中', 1, null, 'NOTIFY_STATUS', null, null);
insert into T_DATASOURCE_OPTION (id, option_id, option_label, status, remark, data_source_code, parent_option_id, parent_datasource_code)
values (47, 0, '通知成功', 1, null, 'NOTIFY_STATUS', null, null);
insert into T_DATASOURCE_OPTION (id, option_id, option_label, status, remark, data_source_code, parent_option_id, parent_datasource_code)
values (48, 1, '通知失败', 1, null, 'NOTIFY_STATUS', null, null);
insert into T_DATASOURCE_OPTION (id, option_id, option_label, status, remark, data_source_code, parent_option_id, parent_datasource_code)
values (49, 1, '禁止交易', 1, null, 'RISK_RULE', null, null);
insert into T_DATASOURCE_OPTION (id, option_id, option_label, status, remark, data_source_code, parent_option_id, parent_datasource_code)
values (50, 2, '风险提示', 1, null, 'RISK_RULE', null, null);
insert into T_DATASOURCE_OPTION (id, option_id, option_label, status, remark, data_source_code, parent_option_id, parent_datasource_code)
values (51, 1, '每小时', 1, null, 'TIME', null, null);
insert into T_DATASOURCE_OPTION (id, option_id, option_label, status, remark, data_source_code, parent_option_id, parent_datasource_code)
values (52, 2, '每天', 1, null, 'TIME', null, null);
insert into T_DATASOURCE_OPTION (id, option_id, option_label, status, remark, data_source_code, parent_option_id, parent_datasource_code)
values (53, 3, '每月', 1, null, 'TIME', null, null);
insert into T_DATASOURCE_OPTION (id, option_id, option_label, status, remark, data_source_code, parent_option_id, parent_datasource_code)
values (54, 1, '短验', 1, null, 'CHANNEL_TYPE', null, null);
insert into T_DATASOURCE_OPTION (id, option_id, option_label, status, remark, data_source_code, parent_option_id, parent_datasource_code)
values (55, 2, '短代', 1, null, 'CHANNEL_TYPE', null, null);
insert into T_DATASOURCE_OPTION (ID, OPTION_ID, OPTION_LABEL, STATUS, REMARK, DATA_SOURCE_CODE, PARENT_OPTION_ID, PARENT_DATASOURCE_CODE)
values (60, 0, '增加', 1, null, 'LOG_ORERATION_TYPE', null, null);
insert into T_DATASOURCE_OPTION (ID, OPTION_ID, OPTION_LABEL, STATUS, REMARK, DATA_SOURCE_CODE, PARENT_OPTION_ID, PARENT_DATASOURCE_CODE)
values (61, 1, '修改', 1, null, 'LOG_ORERATION_TYPE', null, null);
insert into T_DATASOURCE_OPTION (ID, OPTION_ID, OPTION_LABEL, STATUS, REMARK, DATA_SOURCE_CODE, PARENT_OPTION_ID, PARENT_DATASOURCE_CODE)
values (62, 2, '删除', 1, null, 'LOG_ORERATION_TYPE', null, null);
insert into T_DATASOURCE_OPTION (ID, OPTION_ID, OPTION_LABEL, STATUS, REMARK, DATA_SOURCE_CODE, PARENT_OPTION_ID, PARENT_DATASOURCE_CODE)
values (63, 0, '登陆', 1, null, 'LOGIN_LOGOUT_TYPE', null, null);
insert into T_DATASOURCE_OPTION (ID, OPTION_ID, OPTION_LABEL, STATUS, REMARK, DATA_SOURCE_CODE, PARENT_OPTION_ID, PARENT_DATASOURCE_CODE)
values (64, 1, '登出', 1, null, 'LOGIN_LOGOUT_TYPE', null, null);
commit;

----初始化错误码数据
insert into T_ERROR_CODE (code, msg)
values ('99999', '请求异常');
insert into T_ERROR_CODE (code, msg)
values ('90020', '非法参数：渠道未启用该计费编码');
insert into T_ERROR_CODE (code, msg)
values ('90019', '非法参数：渠道不支持该计费编码');
insert into T_ERROR_CODE (code, msg)
values ('90018', '非法参数：商户计费编码不匹配');
insert into T_ERROR_CODE (code, msg)
values ('90017', '非法参数：商户计费编码未启用');
insert into T_ERROR_CODE (code, msg)
values ('90016', '非法参数：商户计费编码不存在');
insert into T_ERROR_CODE (code, msg)
values ('90015', '非法参数：渠道未开启');
insert into T_ERROR_CODE (code, msg)
values ('90014', '非法参数：渠道不存在');
insert into T_ERROR_CODE (code, msg)
values ('90013', '非法参数：签名不正确');
insert into T_ERROR_CODE (code, msg)
values ('90012', '非法参数：商户未开启');
insert into T_ERROR_CODE (code, msg)
values ('90011', '非法参数：商户不存在');
insert into T_ERROR_CODE (code, msg)
values ('90010', '非法参数：手机号码和渠道不匹配');
insert into T_ERROR_CODE (code, msg)
values ('90009', '非法参数：短信校验码格式不正确');
insert into T_ERROR_CODE (code, msg)
values ('90008', '非法参数：订单号格式不正确');
insert into T_ERROR_CODE (code, msg)
values ('90007', '非法参数：签名格式不正确');
insert into T_ERROR_CODE (code, msg)
values ('90006', '请求超时');
insert into T_ERROR_CODE (code, msg)
values ('90005', '非法参数：请求时间格式不正确');
insert into T_ERROR_CODE (code, msg)
values ('90004', '非法参数：计费编码格式不正确');
insert into T_ERROR_CODE (code, msg)
values ('90003', '非法参数：渠道ID格式不正确');
insert into T_ERROR_CODE (code, msg)
values ('90002', '非法参数：商户ID格式不正确');
insert into T_ERROR_CODE (code, msg)
values ('90001', '非法参数：手机号码格式不正确');
insert into T_ERROR_CODE (code, msg)
values ('90000', '请求成功');
insert into T_ERROR_CODE (code, msg)
values ('9002', '请求卡密数量格式不正确');
insert into T_ERROR_CODE (code, msg)
values ('9001', '成交金额格式不正确');
insert into T_ERROR_CODE (code, msg)
values ('9000', '订单号格式不正确');
insert into T_ERROR_CODE (code, msg)
values ('0000', '成功');
insert into T_ERROR_CODE (code, msg)
values ('9009', '请求产品数据量不足');
insert into T_ERROR_CODE (code, msg)
values ('9008', '请求超时');
insert into T_ERROR_CODE (code, msg)
values ('9007', '签名格式不正确');
insert into T_ERROR_CODE (code, msg)
values ('9006', '请求时间格式不正确');
insert into T_ERROR_CODE (code, msg)
values ('9005', '产品ID格式不正确');
insert into T_ERROR_CODE (code, msg)
values ('9004', '商户ID格式不正确');
insert into T_ERROR_CODE (code, msg)
values ('9999', '提卡失败');
insert into T_ERROR_CODE (code, msg)
values ('8003', '产品未启用');
insert into T_ERROR_CODE (code, msg)
values ('8002', '商户未启用');
insert into T_ERROR_CODE (code, msg)
values ('9011', '签名不匹配');
insert into T_ERROR_CODE (code, msg)
values ('9010', '产品与商户不匹配');
insert into T_ERROR_CODE (code, msg)
values ('7000', '系统禁止交易');
commit;

insert into T_CARRIER_INFO (id, carrier_no, carrier_name, status, remark, carrier_type)
values (1, 'YD', '移动', 1, null, 1);
insert into T_CARRIER_INFO (id, carrier_no, carrier_name, status, remark, carrier_type)
values (2, 'LT', '联通', 1, null, 1);
insert into T_CARRIER_INFO (id, carrier_no, carrier_name, status, remark, carrier_type)
values (3, 'DX', '电信', 1, null, 1);
commit;

insert into T_CHANNEL_CHARGING_CODE (id, channel_id, charging_amount, charging_code, status, remark)
values (1001, 2, 100, '000000010598', 1, null);
insert into T_CHANNEL_CHARGING_CODE (id, channel_id, charging_amount, charging_code, status, remark)
values (1000, 2, 10, '100000010034', 1, null);
insert into T_CHANNEL_CHARGING_CODE (id, channel_id, charging_amount, charging_code, status, remark)
values (1002, 2, 200, '100000010039', 1, null);
insert into T_CHANNEL_CHARGING_CODE (id, channel_id, charging_amount, charging_code, status, remark)
values (1003, 2, 300, '000000010599', 1, null);
insert into T_CHANNEL_CHARGING_CODE (id, channel_id, charging_amount, charging_code, status, remark)
values (1004, 2, 400, '000000010593', 1, null);
insert into T_CHANNEL_CHARGING_CODE (id, channel_id, charging_amount, charging_code, status, remark)
values (1005, 2, 500, '100000010040', 1, null);
insert into T_CHANNEL_CHARGING_CODE (id, channel_id, charging_amount, charging_code, status, remark)
values (1006, 2, 600, '000000010594', 1, null);
insert into T_CHANNEL_CHARGING_CODE (id, channel_id, charging_amount, charging_code, status, remark)
values (1007, 2, 700, '000000010595', 1, null);
insert into T_CHANNEL_CHARGING_CODE (id, channel_id, charging_amount, charging_code, status, remark)
values (1008, 2, 800, '000000010596', 1, null);
insert into T_CHANNEL_CHARGING_CODE (id, channel_id, charging_amount, charging_code, status, remark)
values (1009, 2, 900, '000000010597', 1, null);
insert into T_CHANNEL_CHARGING_CODE (id, channel_id, charging_amount, charging_code, status, remark)
values (1010, 2, 1000, '100000010041', 1, null);
insert into T_CHANNEL_CHARGING_CODE (id, channel_id, charging_amount, charging_code, status, remark)
values (1011, 2, 2000, '000000010587', 1, null);
insert into T_CHANNEL_CHARGING_CODE (id, channel_id, charging_amount, charging_code, status, remark)
values (1012, 2, 3000, '100000010042', 1, null);
insert into T_CHANNEL_CHARGING_CODE (id, channel_id, charging_amount, charging_code, status, remark)
values (1013, 2, 4000, '000000010589', 1, null);
insert into T_CHANNEL_CHARGING_CODE (id, channel_id, charging_amount, charging_code, status, remark)
values (1014, 2, 5000, '000000010590', 1, null);
insert into T_CHANNEL_CHARGING_CODE (id, channel_id, charging_amount, charging_code, status, remark)
values (1015, 2, 6000, '000000010591', 1, null);
commit;

insert into T_AGENT_MERCHANT (id, name, status, key, remark, notify_url)
values (1001, '翼光商户1', 1, 'ed3bb2baa9d49df84b14031dd1e0fe9a', null, 'http://192.168.1.22:8080/unipay/payCallbackFalseKJKASDKJQUIOW889123964782.json');
insert into T_AGENT_MERCHANT (id, name, status, key, remark, notify_url)
values (1002, '翼光商户2', 1, 'ad0226b4a2696bc6c4e9c85887dbd29d', null, 'http://192.168.1.22:8080/unipay/payCallbackFalseKJKASDKJQUIOW889123964782.json');
insert into T_AGENT_MERCHANT (id, name, status, key, remark, notify_url)
values (1003, '翼光商户3', 1, '2cf4889479304890b5664635ce81456d', null, 'http://192.168.1.22:8080/unipay/payCallbackFalseKJKASDKJQUIOW889123964782.json');
insert into T_AGENT_MERCHANT (id, name, status, key, remark, notify_url)
values (1005, '翼光商户5', 1, '27eb4f5e63e9d02dfa9ea8ba2c78f238', null, 'http://192.168.1.22:8080/unipay/payCallbackFalseKJKASDKJQUIOW889123964782.json');
insert into T_AGENT_MERCHANT (id, name, status, key, remark, notify_url)
values (1006, '翼光商户6', 1, '29c56200585188b36817c856b0fec446', null, 'http://192.168.1.22:8080/unipay/payCallbackFalseKJKASDKJQUIOW889123964782.json');
insert into T_AGENT_MERCHANT (id, name, status, key, remark, notify_url)
values (1007, '翼光商户7', 1, '8693c1bb01ffba27c0464f0e498593cc', null, 'http://192.168.1.22:8080/unipay/payCallbackFalseKJKASDKJQUIOW889123964782.json');
insert into T_AGENT_MERCHANT (id, name, status, key, remark, notify_url)
values (1008, '凯翼悌', 1, '23c292034fe41262cd2cecdd558d219e', null, 'http://mobile.eb518.com/CallBack/CallBackYGPay.aspx');
insert into T_AGENT_MERCHANT (id, name, status, key, remark, notify_url)
values (1009, '翼光天天跑得快', 1, 'dd677a1080d58654d061a1a9554f023f', null, 'http://192.168.1.22:8080/unipay/payCallback.json');
insert into T_AGENT_MERCHANT (id, name, status, key, remark, notify_url)
values (1004, '翼光商户4', 1, 'ba3bbb498a4979783cd4d7a74d83e15d', null, 'http://192.168.1.22:8080/unipay/payCallbackFalseKJKASDKJQUIOW889123964782.json');
insert into T_AGENT_MERCHANT (id, name, status, key, remark, notify_url)
values (1000, '广州翼光数字商城', 1, '6dbf86ad962881896e0b058f8fb2ccab', null, 'http://localhost:17200/rest/mall/payNotify');
commit;

insert into T_CHANNEL_MERCHANT_RELATION (id, merchant_id, channel_id, status, remark)
values (1049, 1001, 2, 1, null);
insert into T_CHANNEL_MERCHANT_RELATION (id, merchant_id, channel_id, status, remark)
values (1050, 1001, 3, 1, null);
insert into T_CHANNEL_MERCHANT_RELATION (id, merchant_id, channel_id, status, remark)
values (1051, 1009, 1, 1, null);
insert into T_CHANNEL_MERCHANT_RELATION (id, merchant_id, channel_id, status, remark)
values (1052, 1009, 2, 1, null);
insert into T_CHANNEL_MERCHANT_RELATION (id, merchant_id, channel_id, status, remark)
values (1053, 1009, 3, 1, null);
insert into T_CHANNEL_MERCHANT_RELATION (id, merchant_id, channel_id, status, remark)
values (1043, 1003, 2, 1, null);
insert into T_CHANNEL_MERCHANT_RELATION (id, merchant_id, channel_id, status, remark)
values (1044, 1003, 3, 1, null);
insert into T_CHANNEL_MERCHANT_RELATION (id, merchant_id, channel_id, status, remark)
values (1045, 1002, 1, 1, null);
insert into T_CHANNEL_MERCHANT_RELATION (id, merchant_id, channel_id, status, remark)
values (1046, 1002, 2, 1, null);
insert into T_CHANNEL_MERCHANT_RELATION (id, merchant_id, channel_id, status, remark)
values (1047, 1002, 3, 1, null);
insert into T_CHANNEL_MERCHANT_RELATION (id, merchant_id, channel_id, status, remark)
values (1048, 1001, 1, 1, null);
insert into T_CHANNEL_MERCHANT_RELATION (id, merchant_id, channel_id, status, remark)
values (1037, 1005, 2, 1, null);
insert into T_CHANNEL_MERCHANT_RELATION (id, merchant_id, channel_id, status, remark)
values (1038, 1005, 3, 1, null);
insert into T_CHANNEL_MERCHANT_RELATION (id, merchant_id, channel_id, status, remark)
values (1039, 1004, 1, 1, null);
insert into T_CHANNEL_MERCHANT_RELATION (id, merchant_id, channel_id, status, remark)
values (1040, 1004, 2, 1, null);
insert into T_CHANNEL_MERCHANT_RELATION (id, merchant_id, channel_id, status, remark)
values (1041, 1004, 3, 1, null);
insert into T_CHANNEL_MERCHANT_RELATION (id, merchant_id, channel_id, status, remark)
values (1042, 1003, 1, 1, null);
insert into T_CHANNEL_MERCHANT_RELATION (id, merchant_id, channel_id, status, remark)
values (1027, 1008, 1, 1, null);
insert into T_CHANNEL_MERCHANT_RELATION (id, merchant_id, channel_id, status, remark)
values (1028, 1008, 2, 1, null);
insert into T_CHANNEL_MERCHANT_RELATION (id, merchant_id, channel_id, status, remark)
values (1029, 1008, 3, 1, null);
insert into T_CHANNEL_MERCHANT_RELATION (id, merchant_id, channel_id, status, remark)
values (1030, 1007, 1, 1, null);
insert into T_CHANNEL_MERCHANT_RELATION (id, merchant_id, channel_id, status, remark)
values (1031, 1007, 2, 1, null);
insert into T_CHANNEL_MERCHANT_RELATION (id, merchant_id, channel_id, status, remark)
values (1032, 1007, 3, 1, null);
insert into T_CHANNEL_MERCHANT_RELATION (id, merchant_id, channel_id, status, remark)
values (1033, 1006, 1, 1, null);
insert into T_CHANNEL_MERCHANT_RELATION (id, merchant_id, channel_id, status, remark)
values (1034, 1006, 2, 1, null);
insert into T_CHANNEL_MERCHANT_RELATION (id, merchant_id, channel_id, status, remark)
values (1035, 1006, 3, 1, null);
insert into T_CHANNEL_MERCHANT_RELATION (id, merchant_id, channel_id, status, remark)
values (1036, 1005, 1, 1, null);
insert into T_CHANNEL_MERCHANT_RELATION (id, merchant_id, channel_id, status, remark)
values (1000, 1000, 1, 1, null);
insert into T_CHANNEL_MERCHANT_RELATION (id, merchant_id, channel_id, status, remark)
values (1001, 1000, 2, 1, null);
insert into T_CHANNEL_MERCHANT_RELATION (id, merchant_id, channel_id, status, remark)
values (1002, 1000, 3, 1, null);
commit;

insert into T_MERCHANT_CHARGING_CODE (id, merchant_id, charging_amount, charging_code, status, remark, name)
values (1000, 1000, 1, '1000100010001000', 1, null, '广州翼光数字商城0.01元');
insert into T_MERCHANT_CHARGING_CODE (id, merchant_id, charging_amount, charging_code, status, remark, name)
values (1001, 1000, 10, '1000100010001001', 1, null, '广州翼光数字商城0.1元');
insert into T_MERCHANT_CHARGING_CODE (id, merchant_id, charging_amount, charging_code, status, remark, name)
values (1002, 1000, 500, '1000100010001002', 1, null, '广州翼光数字商城5元');
insert into T_MERCHANT_CHARGING_CODE (id, merchant_id, charging_amount, charging_code, status, remark, name)
values (1003, 1000, 1000, '1000100010001003', 1, null, '广州翼光数字商城10元');
insert into T_MERCHANT_CHARGING_CODE (id, merchant_id, charging_amount, charging_code, status, remark, name)
values (1004, 1000, 2000, '1000100010001004', 1, null, '广州翼光数字商城20元');
insert into T_MERCHANT_CHARGING_CODE (id, merchant_id, charging_amount, charging_code, status, remark, name)
values (1005, 1000, 3000, '1000100010001005', 1, null, '广州翼光数字商城30元');
insert into T_MERCHANT_CHARGING_CODE (id, merchant_id, charging_amount, charging_code, status, remark, name)
values (1006, 1008, 10, '1000100810001006', 1, null, '凯翼悌0.1元');
insert into T_MERCHANT_CHARGING_CODE (id, merchant_id, charging_amount, charging_code, status, remark, name)
values (1008, 1008, 200, '1000100810001008', 1, null, '凯翼悌2元');
insert into T_MERCHANT_CHARGING_CODE (id, merchant_id, charging_amount, charging_code, status, remark, name)
values (1009, 1008, 500, '1000100810001009', 1, null, '凯翼悌5元');
insert into T_MERCHANT_CHARGING_CODE (id, merchant_id, charging_amount, charging_code, status, remark, name)
values (1010, 1008, 1000, '1000100810001010', 1, null, '凯翼悌10元');
insert into T_MERCHANT_CHARGING_CODE (id, merchant_id, charging_amount, charging_code, status, remark, name)
values (1011, 1008, 2000, '1000100810001011', 1, null, '凯翼悌20元');
insert into T_MERCHANT_CHARGING_CODE (id, merchant_id, charging_amount, charging_code, status, remark, name)
values (1012, 1008, 3000, '1000100810001012', 1, null, '凯翼悌30元');
insert into T_MERCHANT_CHARGING_CODE (id, merchant_id, charging_amount, charging_code, status, remark, name)
values (1013, 1008, 4000, '1000100810001013', 1, null, '凯翼悌40元');
insert into T_MERCHANT_CHARGING_CODE (id, merchant_id, charging_amount, charging_code, status, remark, name)
values (1014, 1008, 5000, '1000100810001014', 1, null, '凯翼悌50元');
insert into T_MERCHANT_CHARGING_CODE (id, merchant_id, charging_amount, charging_code, status, remark, name)
values (1015, 1008, 6000, '1000100810001015', 1, null, '凯翼悌60元');
insert into T_MERCHANT_CHARGING_CODE (id, merchant_id, charging_amount, charging_code, status, remark, name)
values (1016, 1001, 200, '1000100110001016', 1, null, '短代商户1-2元');
insert into T_MERCHANT_CHARGING_CODE (id, merchant_id, charging_amount, charging_code, status, remark, name)
values (1017, 1001, 500, '1000100110001017', 1, null, '短代商户1-5元');
insert into T_MERCHANT_CHARGING_CODE (id, merchant_id, charging_amount, charging_code, status, remark, name)
values (1018, 1001, 1000, '1000100110001018', 1, null, '短代商户1-10元');
insert into T_MERCHANT_CHARGING_CODE (id, merchant_id, charging_amount, charging_code, status, remark, name)
values (1019, 1001, 2000, '1000100110001019', 1, null, '短代商户1-20元');
insert into T_MERCHANT_CHARGING_CODE (id, merchant_id, charging_amount, charging_code, status, remark, name)
values (1020, 1001, 3000, '1000100110001020', 1, null, '短代商户1-30元');
insert into T_MERCHANT_CHARGING_CODE (id, merchant_id, charging_amount, charging_code, status, remark, name)
values (1021, 1001, 4000, '1000100110001021', 1, null, '短代商户1-40元');
insert into T_MERCHANT_CHARGING_CODE (id, merchant_id, charging_amount, charging_code, status, remark, name)
values (1022, 1001, 5000, '1000100110001022', 1, null, '短代商户1-50元');
insert into T_MERCHANT_CHARGING_CODE (id, merchant_id, charging_amount, charging_code, status, remark, name)
values (1023, 1001, 6000, '1000100110001023', 1, null, '短代商户1-60元');
insert into T_MERCHANT_CHARGING_CODE (id, merchant_id, charging_amount, charging_code, status, remark, name)
values (1024, 1002, 200, '1000100210001024', 1, null, '短代商户2-2元');
insert into T_MERCHANT_CHARGING_CODE (id, merchant_id, charging_amount, charging_code, status, remark, name)
values (1025, 1002, 500, '1000100210001025', 1, null, '短代商户2-5元');
insert into T_MERCHANT_CHARGING_CODE (id, merchant_id, charging_amount, charging_code, status, remark, name)
values (1026, 1002, 1000, '1000100210001026', 1, null, '短代商户2-10元');
insert into T_MERCHANT_CHARGING_CODE (id, merchant_id, charging_amount, charging_code, status, remark, name)
values (1027, 1002, 2000, '1000100210001027', 1, null, '短代商户2-20元');
insert into T_MERCHANT_CHARGING_CODE (id, merchant_id, charging_amount, charging_code, status, remark, name)
values (1028, 1002, 3000, '1000100210001028', 1, null, '短代商户2-30元');
insert into T_MERCHANT_CHARGING_CODE (id, merchant_id, charging_amount, charging_code, status, remark, name)
values (1029, 1002, 4000, '1000100210001029', 1, null, '短代商户2-40元');
insert into T_MERCHANT_CHARGING_CODE (id, merchant_id, charging_amount, charging_code, status, remark, name)
values (1030, 1002, 5000, '1000100210001030', 1, null, '短代商户2-50元');
insert into T_MERCHANT_CHARGING_CODE (id, merchant_id, charging_amount, charging_code, status, remark, name)
values (1031, 1002, 6000, '1000100210001031', 1, null, '短代商户2-60元');
insert into T_MERCHANT_CHARGING_CODE (id, merchant_id, charging_amount, charging_code, status, remark, name)
values (1032, 1003, 200, '1000100310001032', 1, null, '短代商户3-2元');
insert into T_MERCHANT_CHARGING_CODE (id, merchant_id, charging_amount, charging_code, status, remark, name)
values (1033, 1003, 500, '1000100310001033', 1, null, '短代商户3-5元');
insert into T_MERCHANT_CHARGING_CODE (id, merchant_id, charging_amount, charging_code, status, remark, name)
values (1034, 1003, 1000, '1000100310001034', 1, null, '短代商户3-10元');
insert into T_MERCHANT_CHARGING_CODE (id, merchant_id, charging_amount, charging_code, status, remark, name)
values (1035, 1003, 2000, '1000100310001035', 1, null, '短代商户3-20元');
insert into T_MERCHANT_CHARGING_CODE (id, merchant_id, charging_amount, charging_code, status, remark, name)
values (1036, 1003, 3000, '1000100310001036', 1, null, '短代商户3-30元');
insert into T_MERCHANT_CHARGING_CODE (id, merchant_id, charging_amount, charging_code, status, remark, name)
values (1037, 1003, 4000, '1000100310001037', 1, null, '短代商户3-40元');
insert into T_MERCHANT_CHARGING_CODE (id, merchant_id, charging_amount, charging_code, status, remark, name)
values (1038, 1003, 5000, '1000100310001038', 1, null, '短代商户3-50元');
insert into T_MERCHANT_CHARGING_CODE (id, merchant_id, charging_amount, charging_code, status, remark, name)
values (1039, 1003, 6000, '1000100310001039', 1, null, '短代商户3-60元');
insert into T_MERCHANT_CHARGING_CODE (id, merchant_id, charging_amount, charging_code, status, remark, name)
values (1040, 1004, 200, '1000100410001040', 1, null, '短代商户4-2元');
insert into T_MERCHANT_CHARGING_CODE (id, merchant_id, charging_amount, charging_code, status, remark, name)
values (1041, 1004, 500, '1000100410001041', 1, null, '短代商户4-5元');
insert into T_MERCHANT_CHARGING_CODE (id, merchant_id, charging_amount, charging_code, status, remark, name)
values (1042, 1004, 1000, '1000100410001042', 1, null, '短代商户4-10元');
insert into T_MERCHANT_CHARGING_CODE (id, merchant_id, charging_amount, charging_code, status, remark, name)
values (1043, 1004, 2000, '1000100410001043', 1, null, '短代商户4-20元');
insert into T_MERCHANT_CHARGING_CODE (id, merchant_id, charging_amount, charging_code, status, remark, name)
values (1044, 1004, 3000, '1000100410001044', 1, null, '短代商户4-30元');
insert into T_MERCHANT_CHARGING_CODE (id, merchant_id, charging_amount, charging_code, status, remark, name)
values (1045, 1004, 4000, '1000100410001045', 1, null, '短代商户4-40元');
insert into T_MERCHANT_CHARGING_CODE (id, merchant_id, charging_amount, charging_code, status, remark, name)
values (1046, 1004, 5000, '1000100410001046', 1, null, '短代商户4-50元');
insert into T_MERCHANT_CHARGING_CODE (id, merchant_id, charging_amount, charging_code, status, remark, name)
values (1047, 1004, 6000, '1000100410001047', 1, null, '短代商户4-60元');
insert into T_MERCHANT_CHARGING_CODE (id, merchant_id, charging_amount, charging_code, status, remark, name)
values (1048, 1005, 200, '1000100510001048', 1, null, '短代商户5-2元');
insert into T_MERCHANT_CHARGING_CODE (id, merchant_id, charging_amount, charging_code, status, remark, name)
values (1049, 1005, 500, '1000100510001049', 1, null, '短代商户5-5元');
insert into T_MERCHANT_CHARGING_CODE (id, merchant_id, charging_amount, charging_code, status, remark, name)
values (1050, 1005, 1000, '1000100510001050', 1, null, '短代商户5-10元');
insert into T_MERCHANT_CHARGING_CODE (id, merchant_id, charging_amount, charging_code, status, remark, name)
values (1051, 1005, 2000, '1000100510001051', 1, null, '短代商户5-20元');
insert into T_MERCHANT_CHARGING_CODE (id, merchant_id, charging_amount, charging_code, status, remark, name)
values (1052, 1005, 3000, '1000100510001052', 1, null, '短代商户5-30元');
insert into T_MERCHANT_CHARGING_CODE (id, merchant_id, charging_amount, charging_code, status, remark, name)
values (1053, 1005, 4000, '1000100510001053', 1, null, '短代商户5-40元');
insert into T_MERCHANT_CHARGING_CODE (id, merchant_id, charging_amount, charging_code, status, remark, name)
values (1054, 1005, 5000, '1000100510001054', 1, null, '短代商户5-50元');
insert into T_MERCHANT_CHARGING_CODE (id, merchant_id, charging_amount, charging_code, status, remark, name)
values (1055, 1005, 6000, '1000100510001055', 1, null, '短代商户5-60元');
insert into T_MERCHANT_CHARGING_CODE (id, merchant_id, charging_amount, charging_code, status, remark, name)
values (1056, 1006, 200, '1000100610001056', 1, null, '短代商户6-2元');
insert into T_MERCHANT_CHARGING_CODE (id, merchant_id, charging_amount, charging_code, status, remark, name)
values (1057, 1006, 500, '1000100610001057', 1, null, '短代商户6-5元');
insert into T_MERCHANT_CHARGING_CODE (id, merchant_id, charging_amount, charging_code, status, remark, name)
values (1058, 1006, 1000, '1000100610001058', 1, null, '短代商户6-10元');
insert into T_MERCHANT_CHARGING_CODE (id, merchant_id, charging_amount, charging_code, status, remark, name)
values (1059, 1006, 2000, '1000100610001059', 1, null, '短代商户6-20元');
insert into T_MERCHANT_CHARGING_CODE (id, merchant_id, charging_amount, charging_code, status, remark, name)
values (1060, 1006, 3000, '1000100610001060', 1, null, '短代商户6-30元');
insert into T_MERCHANT_CHARGING_CODE (id, merchant_id, charging_amount, charging_code, status, remark, name)
values (1061, 1006, 4000, '1000100610001061', 1, null, '短代商户6-40元');
insert into T_MERCHANT_CHARGING_CODE (id, merchant_id, charging_amount, charging_code, status, remark, name)
values (1062, 1006, 5000, '1000100610001062', 1, null, '短代商户6-50元');
insert into T_MERCHANT_CHARGING_CODE (id, merchant_id, charging_amount, charging_code, status, remark, name)
values (1063, 1006, 6000, '1000100610001063', 1, null, '短代商户6-60元');
insert into T_MERCHANT_CHARGING_CODE (id, merchant_id, charging_amount, charging_code, status, remark, name)
values (1064, 1007, 200, '1000100710001064', 1, null, '短代商户7-2元');
insert into T_MERCHANT_CHARGING_CODE (id, merchant_id, charging_amount, charging_code, status, remark, name)
values (1065, 1007, 500, '1000100710001065', 1, null, '短代商户7-5元');
insert into T_MERCHANT_CHARGING_CODE (id, merchant_id, charging_amount, charging_code, status, remark, name)
values (1066, 1007, 1000, '1000100710001066', 1, null, '短代商户7-10元');
insert into T_MERCHANT_CHARGING_CODE (id, merchant_id, charging_amount, charging_code, status, remark, name)
values (1067, 1007, 2000, '1000100710001067', 1, null, '短代商户7-20元');
insert into T_MERCHANT_CHARGING_CODE (id, merchant_id, charging_amount, charging_code, status, remark, name)
values (1068, 1007, 3000, '1000100710001068', 1, null, '短代商户7-30元');
insert into T_MERCHANT_CHARGING_CODE (id, merchant_id, charging_amount, charging_code, status, remark, name)
values (1069, 1007, 4000, '1000100710001069', 1, null, '短代商户7-40元');
insert into T_MERCHANT_CHARGING_CODE (id, merchant_id, charging_amount, charging_code, status, remark, name)
values (1070, 1007, 5000, '1000100710001070', 1, null, '短代商户7-50元');
insert into T_MERCHANT_CHARGING_CODE (id, merchant_id, charging_amount, charging_code, status, remark, name)
values (1071, 1007, 6000, '1000100710001071', 1, null, '短代商户7-60元');
insert into T_MERCHANT_CHARGING_CODE (id, merchant_id, charging_amount, charging_code, status, remark, name)
values (1072, 1009, 200, '1000100910001072', 1, null, '翼光天天跑得快-2元');
insert into T_MERCHANT_CHARGING_CODE (id, merchant_id, charging_amount, charging_code, status, remark, name)
values (1073, 1009, 500, '1000100910001073', 1, null, '翼光天天跑得快-5元');
insert into T_MERCHANT_CHARGING_CODE (id, merchant_id, charging_amount, charging_code, status, remark, name)
values (1074, 1009, 1000, '1000100910001074', 1, null, '翼光天天跑得快-10元');
insert into T_MERCHANT_CHARGING_CODE (id, merchant_id, charging_amount, charging_code, status, remark, name)
values (1075, 1009, 2000, '1000100910001075', 1, null, '翼光天天跑得快-20元');
insert into T_MERCHANT_CHARGING_CODE (id, merchant_id, charging_amount, charging_code, status, remark, name)
values (1076, 1009, 3000, '1000100910001076', 1, null, '翼光天天跑得快-30元');
insert into T_MERCHANT_CHARGING_CODE (id, merchant_id, charging_amount, charging_code, status, remark, name)
values (1077, 1009, 4000, '1000100910001077', 1, null, '翼光天天跑得快-40元');
insert into T_MERCHANT_CHARGING_CODE (id, merchant_id, charging_amount, charging_code, status, remark, name)
values (1078, 1009, 5000, '1000100910001078', 1, null, '翼光天天跑得快-50元');
insert into T_MERCHANT_CHARGING_CODE (id, merchant_id, charging_amount, charging_code, status, remark, name)
values (1079, 1009, 6000, '1000100910001079', 1, null, '翼光天天跑得快-60元');
insert into T_MERCHANT_CHARGING_CODE (id, merchant_id, charging_amount, charging_code, status, remark, name)
values (1080, 1009, 10, '1000100910001080', 1, null, '翼光天天跑得快-0.1元');
insert into T_MERCHANT_CHARGING_CODE (id, merchant_id, charging_amount, charging_code, status, remark, name)
values (1081, 1009, 3000, '1000100910001081', 1, null, '翼光天天跑得快-VIP 15天');
insert into T_MERCHANT_CHARGING_CODE (id, merchant_id, charging_amount, charging_code, status, remark, name)
values (1082, 1009, 800, '1000100910001082', 1, null, '翼光天天跑得快-大喇叭10个');
insert into T_MERCHANT_CHARGING_CODE (id, merchant_id, charging_amount, charging_code, status, remark, name)
values (1083, 1009, 100, '1000100910001083', 1, null, '翼光天天跑得快-大喇叭1个');
insert into T_MERCHANT_CHARGING_CODE (id, merchant_id, charging_amount, charging_code, status, remark, name)
values (1084, 1009, 600, '1000100910001084', 1, null, '翼光天天跑得快-记牌器7天');
insert into T_MERCHANT_CHARGING_CODE (id, merchant_id, charging_amount, charging_code, status, remark, name)
values (1085, 1009, 200, '1000100910001085', 1, null, '翼光天天跑得快-记牌器2天');
commit;


insert into T_SUPPLIER (id, name, status, remark)
values (1000, '骏网', 1, null);
commit;

insert into T_PRODUCT (id, name, type, supplier_id, status, remark)
values (1000, '骏网一卡通', 2, 1000, 1, null);
commit;

insert into T_PRODUCT_CHARGING_POINT (id, name, supplier_id, status, product_id, province_id, city_id, remark, face_amount, pay_amount, delivery_amount, charging_type)
values (1001, '骏网一卡通200J点（联通5元）', 1000, 1, 1000, null, null, null, 200, 500, 200, 1);
insert into T_PRODUCT_CHARGING_POINT (id, name, supplier_id, status, product_id, province_id, city_id, remark, face_amount, pay_amount, delivery_amount, charging_type)
values (1002, '骏网一卡通400J点（联通10元）', 1000, 1, 1000, null, null, null, 400, 1000, 400, 1);
insert into T_PRODUCT_CHARGING_POINT (id, name, supplier_id, status, product_id, province_id, city_id, remark, face_amount, pay_amount, delivery_amount, charging_type)
values (1005, '骏网一卡通1J点（电信0.01元）', 1000, 1, 1000, null, null, null, 1, 1, 1, 1);
insert into T_PRODUCT_CHARGING_POINT (id, name, supplier_id, status, product_id, province_id, city_id, remark, face_amount, pay_amount, delivery_amount, charging_type)
values (1006, '骏网一卡通250J点（电信5元）', 1000, 1, 1000, null, null, null, 250, 500, 250, 1);
insert into T_PRODUCT_CHARGING_POINT (id, name, supplier_id, status, product_id, province_id, city_id, remark, face_amount, pay_amount, delivery_amount, charging_type)
values (1007, '骏网一卡通500J点（电信10元）', 1000, 1, 1000, null, null, null, 500, 1000, 500, 1);
insert into T_PRODUCT_CHARGING_POINT (id, name, supplier_id, status, product_id, province_id, city_id, remark, face_amount, pay_amount, delivery_amount, charging_type)
values (1008, '骏网一卡通1000J点（电信20元）', 1000, 1, 1000, null, null, null, 1000, 2000, 1000, 1);
insert into T_PRODUCT_CHARGING_POINT (id, name, supplier_id, status, product_id, province_id, city_id, remark, face_amount, pay_amount, delivery_amount, charging_type)
values (1009, '骏网一卡通1500J点（电信30元）', 1000, 1, 1000, null, null, null, 1500, 3000, 1500, 1);
insert into T_PRODUCT_CHARGING_POINT (id, name, supplier_id, status, product_id, province_id, city_id, remark, face_amount, pay_amount, delivery_amount, charging_type)
values (1003, '骏网一卡通900J点（联通20元）', 1000, 1, 1000, null, null, null, 900, 2000, 900, 1);
insert into T_PRODUCT_CHARGING_POINT (id, name, supplier_id, status, product_id, province_id, city_id, remark, face_amount, pay_amount, delivery_amount, charging_type)
values (1004, '骏网一卡通1400J点（联通30元）', 1000, 1, 1000, null, null, null, 1400, 3000, 1400, 1);
insert into T_PRODUCT_CHARGING_POINT (id, name, supplier_id, status, product_id, province_id, city_id, remark, face_amount, pay_amount, delivery_amount, charging_type)
values (1000, '骏网一卡通10J点（联通0.1元）', 1000, 1, 1000, null, null, null, 10, 10, 10, 1);
insert into T_PRODUCT_CHARGING_POINT (id, name, supplier_id, status, product_id, province_id, city_id, remark, face_amount, pay_amount, delivery_amount, charging_type)
values (1010, '骏卡一卡通5元声讯卡（10元）', 1000, 1, 1000, null, null, null, 500, 1000, 500, 2);
insert into T_PRODUCT_CHARGING_POINT (id, name, supplier_id, status, product_id, province_id, city_id, remark, face_amount, pay_amount, delivery_amount, charging_type)
values (1011, '骏卡一卡通6.5元声讯卡（13元）', 1000, 1, 1000, null, null, null, 650, 1300, 650, 2);
insert into T_PRODUCT_CHARGING_POINT (id, name, supplier_id, status, product_id, province_id, city_id, remark, face_amount, pay_amount, delivery_amount, charging_type)
values (1012, '骏卡一卡通9元声讯卡（20元）', 1000, 1, 1000, null, null, null, 900, 2000, 900, 2);
insert into T_PRODUCT_CHARGING_POINT (id, name, supplier_id, status, product_id, province_id, city_id, remark, face_amount, pay_amount, delivery_amount, charging_type)
values (1013, '骏卡一卡通14元声讯卡（30元）', 1000, 1, 1000, null, null, null, 1400, 3000, 1400, 2);
commit;

insert into T_POINT_CHANNEL_RELATION (id, point_id, channel_id, status, remark)
values (1000, 1010, 3, 1, null);
insert into T_POINT_CHANNEL_RELATION (id, point_id, channel_id, status, remark)
values (1001, 1011, 3, 1, null);
insert into T_POINT_CHANNEL_RELATION (id, point_id, channel_id, status, remark)
values (1002, 1012, 3, 1, null);
insert into T_POINT_CHANNEL_RELATION (id, point_id, channel_id, status, remark)
values (1004, 1009, 3, 1, null);
insert into T_POINT_CHANNEL_RELATION (id, point_id, channel_id, status, remark)
values (1005, 1008, 3, 1, null);
insert into T_POINT_CHANNEL_RELATION (id, point_id, channel_id, status, remark)
values (1006, 1007, 3, 1, null);
insert into T_POINT_CHANNEL_RELATION (id, point_id, channel_id, status, remark)
values (1007, 1006, 3, 1, null);
insert into T_POINT_CHANNEL_RELATION (id, point_id, channel_id, status, remark)
values (1008, 1005, 3, 1, null);
insert into T_POINT_CHANNEL_RELATION (id, point_id, channel_id, status, remark)
values (1009, 1004, 2, 1, null);
insert into T_POINT_CHANNEL_RELATION (id, point_id, channel_id, status, remark)
values (1010, 1003, 2, 1, null);
insert into T_POINT_CHANNEL_RELATION (id, point_id, channel_id, status, remark)
values (1011, 1002, 2, 1, null);
insert into T_POINT_CHANNEL_RELATION (id, point_id, channel_id, status, remark)
values (1012, 1001, 2, 1, null);
insert into T_POINT_CHANNEL_RELATION (id, point_id, channel_id, status, remark)
values (1013, 1000, 2, 1, null);
insert into T_POINT_CHANNEL_RELATION (id, point_id, channel_id, status, remark)
values (1003, 1013, 3, 1, null);
commit;

----------------------------------------------------------------------------------------------------------------------------------------------
